item,itemLabel,value
http://www.wikidata.org/entity/Q116957923,animal or pet supply,1
http://www.wikidata.org/entity/Q915026,porte-documents,101
http://www.wikidata.org/entity/Q117208922,equestrian product,1031
http://www.wikidata.org/entity/Q117208989,archery,1033
http://www.wikidata.org/entity/Q2742804,Sac banane,104
http://www.wikidata.org/entity/Q15044071,sac à vêtements,105
http://www.wikidata.org/entity/Q200814,valise,107
http://www.wikidata.org/entity/Q117208534,field hockey stick,1092
http://www.wikidata.org/entity/Q117208438,american football protective gear,1097
http://www.wikidata.org/entity/Q117208635,volleyball product,1115
http://www.wikidata.org/entity/Q83323,engrais,113
http://www.wikidata.org/entity/Q852784,équipement de plongée,1135
http://www.wikidata.org/entity/Q3875186,construction,114
http://www.wikidata.org/entity/Q39397,hache,1171
http://www.wikidata.org/entity/Q200266,poignée,1185
http://www.wikidata.org/entity/Q152833,gouttière,121
http://www.wikidata.org/entity/Q1340233,coupe-bordure,1223
http://www.wikidata.org/entity/Q116037345,puppets & marionette,1258
http://www.wikidata.org/entity/Q116970578,video game console accessory,1270
http://www.wikidata.org/entity/Q493576,lecteur de disquette,1301
http://www.wikidata.org/entity/Q117207981,drip coffee maker,1388
http://www.wikidata.org/entity/Q807980,lecteur de code-barres,139
http://www.wikidata.org/entity/Q15328,caméra,142
http://www.wikidata.org/entity/Q117207331,pièces et accessoires pour appareils photo,143
http://www.wikidata.org/entity/Q116971222,masonry jointer,1450
http://www.wikidata.org/entity/Q116971323,wire & cable hand tool,1469
http://www.wikidata.org/entity/Q117207371,tripods & monopod,150
http://www.wikidata.org/entity/Q607093,posemètre,1548
http://www.wikidata.org/entity/Q313614,caméra vidéo,155
http://www.wikidata.org/entity/Q102626,jumelles,157
http://www.wikidata.org/entity/Q4668625,smoking,1580
http://www.wikidata.org/entity/Q115923192,arts and craft item,16
http://www.wikidata.org/entity/Q1643652,télémètre,161
http://www.wikidata.org/entity/Q116970398,hard drive accessory,1623
http://www.wikidata.org/entity/Q154411,clé,1632
http://www.wikidata.org/entity/Q115797493,produit de mode,166
http://www.wikidata.org/entity/Q134560,ceinture,169
http://www.wikidata.org/entity/Q116960237,gloves & mitten,170
http://www.wikidata.org/entity/Q117207737,water heater vent,1709
http://www.wikidata.org/entity/Q117207733,water heater element,1744
http://www.wikidata.org/entity/Q44416,cravate,176
http://www.wikidata.org/entity/Q855691,lingerie,1772
http://www.wikidata.org/entity/Q217541,lunettes de soleil,178
http://www.wikidata.org/entity/Q116960518,art brush,18
http://www.wikidata.org/entity/Q105507,perruque,181
http://www.wikidata.org/entity/Q22676,chaussure,187
http://www.wikidata.org/entity/Q117207464,key card entry system,1870
http://www.wikidata.org/entity/Q161439,joaillerie,188
http://www.wikidata.org/entity/Q1478508,bracelet de cheville,189
http://www.wikidata.org/entity/Q116960292,brooches & lapel pin,197
http://www.wikidata.org/entity/Q115130400,loose stone,198
http://www.wikidata.org/entity/Q116971202,pneumatic drill,1994
http://www.wikidata.org/entity/Q115921084,pet supply,2
http://www.wikidata.org/entity/Q178794,montre,201
http://www.wikidata.org/entity/Q656656,robinet,2032
http://www.wikidata.org/entity/Q116960150,shirts & top,212
http://www.wikidata.org/entity/Q116960170,sous-vêtement,213
http://www.wikidata.org/entity/Q13716,soutien-gorge,214
http://www.wikidata.org/entity/Q116971438,shovels & spade,2147
http://www.wikidata.org/entity/Q116037042,collectible coins & currency,217
http://www.wikidata.org/entity/Q37930,timbre postal,219
http://www.wikidata.org/entity/Q79529,substance chimique,2277
http://www.wikidata.org/entity/Q117209362,vehicle organizer,2290
http://www.wikidata.org/entity/Q116961747,satellite radio accessory,239
http://www.wikidata.org/entity/Q116961756,audio & video receiver,241
http://www.wikidata.org/entity/Q116961798,voice recorder,244
http://www.wikidata.org/entity/Q765763,chaîne haute-fidélité,251
http://www.wikidata.org/entity/Q116961797,turntables & record player,256
http://www.wikidata.org/entity/Q117207377,developing tanks & reel,2650
http://www.wikidata.org/entity/Q568717,Répondeur,266
http://www.wikidata.org/entity/Q117208207,pool toy,2672
http://www.wikidata.org/entity/Q115921876,telephony product,270
http://www.wikidata.org/entity/Q1474418,radio bidirectionnelle,273
http://www.wikidata.org/entity/Q117207553,eyeglass lens,2733
http://www.wikidata.org/entity/Q116221506,bath sponges & loofah,2875
http://www.wikidata.org/entity/Q4878968,bed skirt,2974
http://www.wikidata.org/entity/Q5082128,appareil mobile,298
http://www.wikidata.org/entity/Q117207349,flash bracket,2987
http://www.wikidata.org/entity/Q116958015,bird supply,3
http://www.wikidata.org/entity/Q50379882,produit chimique de laboratoire,3002
http://www.wikidata.org/entity/Q5339,transistor,3094
http://www.wikidata.org/entity/Q850053,hub USB,311
http://www.wikidata.org/entity/Q116970463,power strips & surge suppressor,3160
http://www.wikidata.org/entity/Q104554090,ice cream scoop,3202
http://www.wikidata.org/entity/Q878120,hula hoop,3215
http://www.wikidata.org/entity/Q117207448,tool cabinets & chest,3280
http://www.wikidata.org/entity/Q117209421,watercraft steering cable,3308
http://www.wikidata.org/entity/Q31087,calculatrice,333
http://www.wikidata.org/entity/Q117208037,serving pitchers & carafe,3330
http://www.wikidata.org/entity/Q4903773,bicycle basket,3341
http://www.wikidata.org/entity/Q116961049,bow rosin,3374
http://www.wikidata.org/entity/Q116037362,toy glider,3378
http://www.wikidata.org/entity/Q116971204,flashlights & headlamp,338
http://www.wikidata.org/entity/Q116970477,GPS navigation system,339
http://www.wikidata.org/entity/Q116960903,electric guitar pickup,3412
http://www.wikidata.org/entity/Q5607,modem,343
http://www.wikidata.org/entity/Q8463304,cafétéria,3435
http://www.wikidata.org/entity/Q200199,bille,3534
http://www.wikidata.org/entity/Q1335161,voiture miniature,3551
http://www.wikidata.org/entity/Q117208981,golf flag,3578
http://www.wikidata.org/entity/Q116960877,musical keyboard accessory,60
http://www.wikidata.org/entity/Q116960101,motorcycle jacket,6006
http://www.wikidata.org/entity/Q116960441,craft foam & styrofoam,6117
http://www.wikidata.org/entity/Q1073283,humidificateur,613
http://www.wikidata.org/entity/Q117208284,book accessory,6174
http://www.wikidata.org/entity/Q109980909,book stand,6175
http://www.wikidata.org/entity/Q11475,vide,619
http://www.wikidata.org/entity/Q116958101,pet flea & tick control,6248
http://www.wikidata.org/entity/Q116958090,pet carriers & crate,6251
http://www.wikidata.org/entity/Q116958087,"pet bowls, feeders & waterer",6252
http://www.wikidata.org/entity/Q115922548,matériel de lavage du linge,627
http://www.wikidata.org/entity/Q116221557,eyelash curler refill,6282
http://www.wikidata.org/entity/Q116958110,pet hair clippers & trimmer,6384
http://www.wikidata.org/entity/Q117208928,horse clippers & trimmer,6386
http://www.wikidata.org/entity/Q117207904,wine carrier bag,6449
http://www.wikidata.org/entity/Q117207867,pie & quiche pan,645
http://www.wikidata.org/entity/Q495529,euphonium,65
http://www.wikidata.org/entity/Q116970492,power over ethernet adapters,6508
http://www.wikidata.org/entity/Q117208797,swim weight,6550
http://www.wikidata.org/entity/Q2046403,goutte otique,6559
http://www.wikidata.org/entity/Q23041045,asperge,6568
http://www.wikidata.org/entity/Q23041430,artichaut,6570
http://www.wikidata.org/entity/Q961769,avocat,6572
http://www.wikidata.org/entity/Q117207885,skillets & frying pan,662
http://www.wikidata.org/entity/Q21546392,tête d'ail,6620
http://www.wikidata.org/entity/Q232755,pitaya,6676
http://www.wikidata.org/entity/Q117208497,coaching & officiating,6739
http://www.wikidata.org/entity/Q25518766,smoker oven,687
http://www.wikidata.org/entity/Q117208047,lawn & garden,689
http://www.wikidata.org/entity/Q260521,tondeuse à gazon,694
http://www.wikidata.org/entity/Q117207701,log racks & carrier,695
http://www.wikidata.org/entity/Q117208077,garden bridge,700
http://www.wikidata.org/entity/Q116960141,overall,7132
http://www.wikidata.org/entity/Q5309088,drum key,7152
http://www.wikidata.org/entity/Q117208069,canopies & gazebo,716
http://www.wikidata.org/entity/Q116961481,automation control component,7261
http://www.wikidata.org/entity/Q117208125,weed trimmer attachment,7335
http://www.wikidata.org/entity/Q117207600,cardboard cutout,7380
http://www.wikidata.org/entity/Q56395863,dried vegetable,7387
http://www.wikidata.org/entity/Q901207,clavier,74
http://www.wikidata.org/entity/Q115634303,Spectrometer Accessory,7468
http://www.wikidata.org/entity/Q1319419,Sorbetière,748
http://www.wikidata.org/entity/Q78788662,toe box,7495
http://www.wikidata.org/entity/Q116961722,mp3 player & mobile phone accessory set,7566
http://www.wikidata.org/entity/Q1798603,instrument à cordes,77
http://www.wikidata.org/entity/Q115921371,adult product,772
http://www.wikidata.org/entity/Q1273167,contrebasse électrique,78
http://www.wikidata.org/entity/Q571,livre,784
http://www.wikidata.org/entity/Q207172,bistouri,8026
http://www.wikidata.org/entity/Q117207962,range hood accessory,8087
http://www.wikidata.org/entity/Q117209293,vehicle door locks & part,8302
http://www.wikidata.org/entity/Q47369,harpe,84
http://www.wikidata.org/entity/Q117209226,vehicle steering wheel cover,8464
http://www.wikidata.org/entity/Q117209223,vehicle rear view mirror ornament,8478
http://www.wikidata.org/entity/Q80284,alto,85
http://www.wikidata.org/entity/Q838948,œuvre d’art,9
http://www.wikidata.org/entity/Q117208290,filing & organization,923
http://www.wikidata.org/entity/Q117208300,cd/dvd cases & organizer,926
http://www.wikidata.org/entity/Q117208288,bookmark,93
http://www.wikidata.org/entity/Q91159242,party good,96
http://www.wikidata.org/entity/Q12910132,objet religieux,97
http://www.wikidata.org/entity/Q390539,pupitre,970
http://www.wikidata.org/entity/Q1542861,ergomètre d’aviron,995
http://www.wikidata.org/entity/Q5843,sac à dos,100
http://www.wikidata.org/entity/Q117208736,table shuffleboard,1009
http://www.wikidata.org/entity/Q1392592,Antivol (vélo),1027
http://www.wikidata.org/entity/Q1190525,duffel bag,103
http://www.wikidata.org/entity/Q117208593,rugby product,1110
http://www.wikidata.org/entity/Q117208607,soccer shin guard,1114
http://www.wikidata.org/entity/Q48977235,filet de volleyball,1117
http://www.wikidata.org/entity/Q117208756,paddles & oar,1129
http://www.wikidata.org/entity/Q117208641,water polo,1145
http://www.wikidata.org/entity/Q39546,outil,1167
http://www.wikidata.org/entity/Q116970810,lumber & sheet stock,125
http://www.wikidata.org/entity/Q116971200,dollies & hand truck,126
http://www.wikidata.org/entity/Q116971211,ladders & scaffolding,130
http://www.wikidata.org/entity/Q116971226,measuring tools & sensor,1305
http://www.wikidata.org/entity/Q116961514,lifts & hoist,131
http://www.wikidata.org/entity/Q115619089,food gift basket,136
http://www.wikidata.org/entity/Q116812529,invitation card,1371
http://www.wikidata.org/entity/Q116971256,weather forecasters & station,1374
http://www.wikidata.org/entity/Q115797427,camera and optics product,141
http://www.wikidata.org/entity/Q116971193,handheld metal shears & nibbler,1454
http://www.wikidata.org/entity/Q5190008,Cruising rod,1533
http://www.wikidata.org/entity/Q117207738,climate control appliance,1626
http://www.wikidata.org/entity/Q10884,arbre,1684
http://www.wikidata.org/entity/Q249114,sauce salsa,1702
http://www.wikidata.org/entity/Q116961900,antenna,1718
http://www.wikidata.org/entity/Q80151,chapeau,173
http://www.wikidata.org/entity/Q244330,charnière,1771
http://www.wikidata.org/entity/Q116960275,costumes & accessory,184
http://www.wikidata.org/entity/Q117207510,hair styling product,1901
http://www.wikidata.org/entity/Q201664,bracelet,191
http://www.wikidata.org/entity/Q117207400,fence posts & rail,1919
http://www.wikidata.org/entity/Q168456,boucle d'oreille,194
http://www.wikidata.org/entity/Q14963,chaise à bascule,2002
http://www.wikidata.org/entity/Q39908,pantalon,204
http://www.wikidata.org/entity/Q223269,short,207
http://www.wikidata.org/entity/Q2524539,bonneterie,215
http://www.wikidata.org/entity/Q116970480,marine chartplotters & gp,2178
http://www.wikidata.org/entity/Q117207578,business & home security,359
http://www.wikidata.org/entity/Q116961826,intercom,360
http://www.wikidata.org/entity/Q334415,security camera,362
http://www.wikidata.org/entity/Q117208920,tricycle accessory,3634
http://www.wikidata.org/entity/Q68375503,roue de skateboard,3637
http://www.wikidata.org/entity/Q117207585,security system sensor,365
http://www.wikidata.org/entity/Q117208615,tennis racquet accessory,3658
http://www.wikidata.org/entity/Q108001873,bloc-lettres d'alphabet,3661
http://www.wikidata.org/entity/Q116971146,router bit,3673
http://www.wikidata.org/entity/Q117208642,water polo goal,3678
http://www.wikidata.org/entity/Q6498959,maquette,37
http://www.wikidata.org/entity/Q535067,saucière,3703
http://www.wikidata.org/entity/Q2365675,scie à format,3706
http://www.wikidata.org/entity/Q117208710,billiard cue rack,3720
http://www.wikidata.org/entity/Q116971145,router accessory,3744
http://www.wikidata.org/entity/Q117207963,refrigerator accessory,3848
http://www.wikidata.org/entity/Q116961370,sorting & stacking toy,3860
http://www.wikidata.org/entity/Q117208625,high jump pit,3864
http://www.wikidata.org/entity/Q116220903,blood glucose test strip,3905
http://www.wikidata.org/entity/Q116970554,projector accessory,393
http://www.wikidata.org/entity/Q1431095,voiturette de golf,3931
http://www.wikidata.org/entity/Q165678,microcontrôleur,3949
http://www.wikidata.org/entity/Q2436595,balle de ping pong,3964
http://www.wikidata.org/entity/Q116037361,air & water rocket,3966
http://www.wikidata.org/entity/Q117209059,disc golf bag,3993
http://www.wikidata.org/entity/Q116958024,cat supply,4
http://www.wikidata.org/entity/Q488053,album photos,40
http://www.wikidata.org/entity/Q117208039,serving tray,4009
http://www.wikidata.org/entity/Q366516,FTA receiver,401
http://www.wikidata.org/entity/Q632286,FM transmitter,4035
http://www.wikidata.org/entity/Q117209353,horse & livestock trailer,4037
http://www.wikidata.org/entity/Q117209356,utility & cargo trailer,4044
http://www.wikidata.org/entity/Q131696,serviette de bain,4077
http://www.wikidata.org/entity/Q116036927,food service basket,4096
http://www.wikidata.org/entity/Q601413,darkroom,41
http://www.wikidata.org/entity/Q116961281,special effects lighting,410
http://www.wikidata.org/entity/Q188223,autoclave,4116
http://www.wikidata.org/entity/Q115617808,"Food, Beverages & Tobacco",412
http://www.wikidata.org/entity/Q116961578,pricing gun,4127
http://www.wikidata.org/entity/Q283,eau,420
http://www.wikidata.org/entity/Q282,vin,421
http://www.wikidata.org/entity/Q116970385,laptop part,4224
http://www.wikidata.org/entity/Q749316,snack,423
http://www.wikidata.org/entity/Q115634039,otoscopes and ophtalmoscopes,4245
http://www.wikidata.org/entity/Q117208492,martial arts weapon,4282
http://www.wikidata.org/entity/Q14745,meuble,436
http://www.wikidata.org/entity/Q910768,moustiquaire de fenêtre,4375
http://www.wikidata.org/entity/Q204776,banc,441
http://www.wikidata.org/entity/Q116970632,carts & island,442
http://www.wikidata.org/entity/Q61278974,gant de golf,4466
http://www.wikidata.org/entity/Q837593,futon,450
http://www.wikidata.org/entity/Q199306,pavé numérique,4512
http://www.wikidata.org/entity/Q5140939,coffee cup sleeve,4522
http://www.wikidata.org/entity/Q115634231,microscope camera,4557
http://www.wikidata.org/entity/Q116970649,entertainment centers & tv stand,457
http://www.wikidata.org/entity/Q117208893,bicycle brake caliper,4574
http://www.wikidata.org/entity/Q117208894,bicycle brake lever,4575
http://www.wikidata.org/entity/Q117207366,tripod & monopod case,4640
http://www.wikidata.org/entity/Q116970685,bookcases & standing shelf,465
http://www.wikidata.org/entity/Q117207411,cabinet hardware,4696
http://www.wikidata.org/entity/Q28823,textile,47
http://www.wikidata.org/entity/Q79308935,Shower base,4728
http://www.wikidata.org/entity/Q116960857,brass instrument replacement part,4798
http://www.wikidata.org/entity/Q116961060,bassoon reed,4812
http://www.wikidata.org/entity/Q116961073,clarinet ligatures & cap,4820
http://www.wikidata.org/entity/Q117207495,feminine sanitary supply,485
http://www.wikidata.org/entity/Q116961143,saxophone neck,4864
http://www.wikidata.org/entity/Q116960846,brass instrument care kit,4891
http://www.wikidata.org/entity/Q116960455,thread & floss,49
http://www.wikidata.org/entity/Q3441395,Niveau laser,4931
http://www.wikidata.org/entity/Q116220919,cholesterol analyzer,497
http://www.wikidata.org/entity/Q117207768,household cleaning product,4973
http://www.wikidata.org/entity/Q116958041,dog supply,5
http://www.wikidata.org/entity/Q1421918,pèse-personne,500
http://www.wikidata.org/entity/Q116220928,medical tape & bandage,509
http://www.wikidata.org/entity/Q815867,trousse de secours,510
http://www.wikidata.org/entity/Q1347864,bâton de marche,5165
http://www.wikidata.org/entity/Q161524,masque,5194
http://www.wikidata.org/entity/Q116961222,gift cards & certificate,53
http://www.wikidata.org/entity/Q25451206,massage roller,5319
http://www.wikidata.org/entity/Q34379,instrument de musique,54
http://www.wikidata.org/entity/Q117208769,wetsuit top,5401
http://www.wikidata.org/entity/Q5271740,diaper bag,549
http://www.wikidata.org/entity/Q116960630,accessoire de musique,55
http://www.wikidata.org/entity/Q116037351,reading toy,5529
http://www.wikidata.org/entity/Q116970489,modem accessory,5576
http://www.wikidata.org/entity/Q116970473,radar jammer,5589
http://www.wikidata.org/entity/Q116970914,water softener salt,5646
http://www.wikidata.org/entity/Q116960165,tomesode & houmongi kimono,5679
http://www.wikidata.org/entity/Q116960842,accessoire de musique pour cuivres,57
http://www.wikidata.org/entity/Q117207605,coat & hat rack,5708
http://www.wikidata.org/entity/Q117208178,bath towels & washcloth,576
http://www.wikidata.org/entity/Q545985,sauce de poisson,5763
http://www.wikidata.org/entity/Q618739,sirop de maïs,5770
http://www.wikidata.org/entity/Q11004,légume,5793
http://www.wikidata.org/entity/Q5259644,nettoyant pour prothèses dentaires,5824
http://www.wikidata.org/entity/Q116961507,industrial storage,5830
http://www.wikidata.org/entity/Q12409010,toothbrush holder,585
http://www.wikidata.org/entity/Q117208666,exercise band,5869
http://www.wikidata.org/entity/Q116958053,fish supply,6
http://www.wikidata.org/entity/Q116037082,rocks & fossil,218
http://www.wikidata.org/entity/Q12111580,arme de collection,220
http://www.wikidata.org/entity/Q3302947,enregistrement audio,223
http://www.wikidata.org/entity/Q2342885,Cafetière percolateur,2247
http://www.wikidata.org/entity/Q11869833,karaoke system,230
http://www.wikidata.org/entity/Q116961719,mp3 player accessory,232
http://www.wikidata.org/entity/Q107449629,audio mixer,236
http://www.wikidata.org/entity/Q14973,sous-bock,2363
http://www.wikidata.org/entity/Q371213,bidet,2376
http://www.wikidata.org/entity/Q116961770,audio players & recorder,242
http://www.wikidata.org/entity/Q117207389,studio lighting control,2475
http://www.wikidata.org/entity/Q117209201,vehicle hardtop,2494
http://www.wikidata.org/entity/Q188447,fil électrique,259
http://www.wikidata.org/entity/Q17517,téléphone mobile,267
http://www.wikidata.org/entity/Q116960523,stencils & die cut,2671
http://www.wikidata.org/entity/Q116970846,pipe adapters & bushing,2710
http://www.wikidata.org/entity/Q267298,pile électrique,276
http://www.wikidata.org/entity/Q12858225,maquillage pour les yeux,2779
http://www.wikidata.org/entity/Q3966,matériel informatique,285
http://www.wikidata.org/entity/Q172833,balai,2857
http://www.wikidata.org/entity/Q334747,toboggan,2867
http://www.wikidata.org/entity/Q964307,Fard à paupières,2904
http://www.wikidata.org/entity/Q1466064,processeur,292
http://www.wikidata.org/entity/Q116970367,video cards & adapter,297
http://www.wikidata.org/entity/Q117208154,lighting fixture,3006
http://www.wikidata.org/entity/Q250,clavier d'ordinateur,303
http://www.wikidata.org/entity/Q5290,écran d'ordinateur,305
http://www.wikidata.org/entity/Q116971435,gardening fork,3071
http://www.wikidata.org/entity/Q5419952,gadget de bureau,3074
http://www.wikidata.org/entity/Q898332,goalkeeper glove,3141
http://www.wikidata.org/entity/Q116037335,marble track set,3163
http://www.wikidata.org/entity/Q117208416,multimedia & design software,319
http://www.wikidata.org/entity/Q117209408,watercraft manifold,3232
http://www.wikidata.org/entity/Q117207984,cotton candy machine,3319
http://www.wikidata.org/entity/Q6311237,jumper cable,3326
http://www.wikidata.org/entity/Q117208356,electronic dictionaries & translator,337
http://www.wikidata.org/entity/Q117209062,pickleball product,3390
http://www.wikidata.org/entity/Q185091,télécommande,341
http://www.wikidata.org/entity/Q116970424,memory accessory,3422
http://www.wikidata.org/entity/Q116971347,basting brush,3430
http://www.wikidata.org/entity/Q117209035,paintball ball,3438
http://www.wikidata.org/entity/Q117207314,magic & novelty product,35
http://www.wikidata.org/entity/Q117208846,chemical hand warmer,3508
http://www.wikidata.org/entity/Q7646069,surfboard fin,3525
http://www.wikidata.org/entity/Q7386705,Swimming machine,3596
http://www.wikidata.org/entity/Q116037380,play money & banking,3680
http://www.wikidata.org/entity/Q116960480,clay & modeling dough,3692
http://www.wikidata.org/entity/Q116971359,cooking timer,3713
http://www.wikidata.org/entity/Q116960262,charging valet,3722
http://www.wikidata.org/entity/Q116970491,network security & firewall device,3742
http://www.wikidata.org/entity/Q588395,mousqueton,3746
http://www.wikidata.org/entity/Q117209010,tree stand,3748
http://www.wikidata.org/entity/Q117209117,bingo set,3749
http://www.wikidata.org/entity/Q117209014,hunting & wildlife call,3756
http://www.wikidata.org/entity/Q117208743,dart flight,3766
http://www.wikidata.org/entity/Q4492,optical disc drive,377
http://www.wikidata.org/entity/Q11410,jeu,3793
http://www.wikidata.org/entity/Q1893732,gaine thermorétractable,3797
http://www.wikidata.org/entity/Q116961558,display mannequin,3803
http://www.wikidata.org/entity/Q321995,cooling rack,3835
http://www.wikidata.org/entity/Q174077,mémoire flash,384
http://www.wikidata.org/entity/Q116960198,wrestling uniform,3852
http://www.wikidata.org/entity/Q116970542,video product,386
http://www.wikidata.org/entity/Q116037093,sports collectible,3865
http://www.wikidata.org/entity/Q116960904,guitar cases & gig bag,3882
http://www.wikidata.org/entity/Q117208841,windsurfing board,3894
http://www.wikidata.org/entity/Q11633,photographie,39
http://www.wikidata.org/entity/Q1304461,Médecine ball,3938
http://www.wikidata.org/entity/Q297216,papier ciré,3956
http://www.wikidata.org/entity/Q117208602,soccer corner flag,3973
http://www.wikidata.org/entity/Q846668,projecteur de diapositives,399
http://www.wikidata.org/entity/Q117208476,boxing & martial arts protective gear,4008
http://www.wikidata.org/entity/Q313658,appareil photo jetable,4024
http://www.wikidata.org/entity/Q117208321,folder tab,4154
http://www.wikidata.org/entity/Q131689,frisbee,4167
http://www.wikidata.org/entity/Q8495,lait,418
http://www.wikidata.org/entity/Q1762308,buffet,4195
http://www.wikidata.org/entity/Q116037310,toy jack,4216
http://www.wikidata.org/entity/Q116036869,bus tub,4217
http://www.wikidata.org/entity/Q115634260,laboratory supply,4255
http://www.wikidata.org/entity/Q115618800,"Meat, Seafood & Eggs",432
http://www.wikidata.org/entity/Q115618828,nuts and seeds,433
http://www.wikidata.org/entity/Q191134,centrifugeuse,4336
http://www.wikidata.org/entity/Q25397894,pasta and noodles,434
http://www.wikidata.org/entity/Q181517,théodolite,4340
http://www.wikidata.org/entity/Q44106,produits du tabac,435
http://www.wikidata.org/entity/Q116961276,spray string,4351
http://www.wikidata.org/entity/Q2708032,dermographe,4379
http://www.wikidata.org/entity/Q55698,Sacco (fauteuil),438
http://www.wikidata.org/entity/Q54502633,panier pour chien,4434
http://www.wikidata.org/entity/Q117208394,document camera,4492
http://www.wikidata.org/entity/Q116970612,headboards & footboard,451
http://www.wikidata.org/entity/Q117207889,pot & pan handle,4661
http://www.wikidata.org/entity/Q117207486,deodorant & anti-perspirant,484
http://www.wikidata.org/entity/Q1601749,cotton pad,4929
http://www.wikidata.org/entity/Q117207775,floor cleaner,4977
http://www.wikidata.org/entity/Q116970754,protective coatings & sealant,503744
http://www.wikidata.org/entity/Q117207815,ear care product,506
http://www.wikidata.org/entity/Q116036965,take-out container,5097
http://www.wikidata.org/entity/Q5297332,shaving kit,5111
http://www.wikidata.org/entity/Q117208412,dictionary & translation software,5127
http://www.wikidata.org/entity/Q117207754,garment steamer,5138
http://www.wikidata.org/entity/Q37501,lunettes de vue,524
http://www.wikidata.org/entity/Q1260874,tête d'impression,5261
http://www.wikidata.org/entity/Q117207560,home & garden product,536
http://www.wikidata.org/entity/Q116960257,traditional clothing accessory,5390
http://www.wikidata.org/entity/Q116961342,baby safety product,540
http://www.wikidata.org/entity/Q117208766,wetsuit bottom,5400
http://www.wikidata.org/entity/Q116960113,baby & toddler sleepwear,5412
http://www.wikidata.org/entity/Q116961346,baby & pet gate,542
http://www.wikidata.org/entity/Q117208081,outdoor umbrella base,5493
http://www.wikidata.org/entity/Q1693527,massage oil,5664
http://www.wikidata.org/entity/Q116961197,party & celebration item,5709
http://www.wikidata.org/entity/Q117207561,bathroom accessory,574
http://www.wikidata.org/entity/Q117207571,shower curtain ring,578
http://www.wikidata.org/entity/Q115618818,fresh and frozen meat,5805
http://www.wikidata.org/entity/Q117207574,soap dishes & holder,582
http://www.wikidata.org/entity/Q4936957,body powder,5980
http://www.wikidata.org/entity/Q117209345,vehicle ski & snowboard rack,6043
http://www.wikidata.org/entity/Q1265533,climatiseur,605
http://www.wikidata.org/entity/Q117208157,wall light fixture,6073
http://www.wikidata.org/entity/Q116960900,string instrument accessory,61
http://www.wikidata.org/entity/Q134532239,straight pin,6159
http://www.wikidata.org/entity/Q16630809,hot water dispenser,621
http://www.wikidata.org/entity/Q5840,papier toilette,629
http://www.wikidata.org/entity/Q180744,cuivre,63
http://www.wikidata.org/entity/Q815240,cintre,631
http://www.wikidata.org/entity/Q117208795,swim goggle & mask accessory,6330
http://www.wikidata.org/entity/Q273831,tablier,639
http://www.wikidata.org/entity/Q117209135,play tents & tunnel,6397
http://www.wikidata.org/entity/Q116971363,electric knife accessory,6411
http://www.wikidata.org/entity/Q116970607,beds & accessory,6433
http://www.wikidata.org/entity/Q117207869,ramekins & souffle dish,647
http://www.wikidata.org/entity/Q3917316,decanter,650
http://www.wikidata.org/entity/Q1521410,matériel de cuisine,654
http://www.wikidata.org/entity/Q96410617,Train case,6553
http://www.wikidata.org/entity/Q117207880,griddles & grill pan,658
http://www.wikidata.org/entity/Q28298,céleri,6599
http://www.wikidata.org/entity/Q15046077,gingembre,6619
http://www.wikidata.org/entity/Q15711817,stock pot,663
http://www.wikidata.org/entity/Q2964630,Chrain,6631
http://www.wikidata.org/entity/Q599312,couteau de cuisine,665
http://www.wikidata.org/entity/Q60739826,récipient de stockage des aliments,667
http://www.wikidata.org/entity/Q163759,cor d'harmonie,67
http://www.wikidata.org/entity/Q1471060,papier mince,6712
http://www.wikidata.org/entity/Q2453629,récipient à boire,674
http://www.wikidata.org/entity/Q117207442,pneumatic hose,6769
http://www.wikidata.org/entity/Q117207439,lubrication hose,6770
http://www.wikidata.org/entity/Q7546879,snack cake,6785
http://www.wikidata.org/entity/Q60738833,plaque de cuisson,679
http://www.wikidata.org/entity/Q117209115,battle top accessory,6794
http://www.wikidata.org/entity/Q115618652,fennel bulb,6816
http://www.wikidata.org/entity/Q1131760,compactor,688
http://www.wikidata.org/entity/Q2783798,communicable disease control,691
http://www.wikidata.org/entity/Q1499073,double concentré de tomates,6922
http://www.wikidata.org/entity/Q1809150,rallonge de guidon,6960
http://www.wikidata.org/entity/Q117207597,squirrel feeder,6994
http://www.wikidata.org/entity/Q116958203,reptile & amphibian supply,7
http://www.wikidata.org/entity/Q116961395,diaper pail accessory,7001
http://www.wikidata.org/entity/Q117207961,portable cooking stove accessory,7006
http://www.wikidata.org/entity/Q5450226,doigtier,7063
http://www.wikidata.org/entity/Q1020499,interfacing,7076
http://www.wikidata.org/entity/Q80793,cadran solaire,711
http://www.wikidata.org/entity/Q839864,jeu d'ambiance,7160
http://www.wikidata.org/entity/Q116970644,hanging chair,7197
http://www.wikidata.org/entity/Q131168,tuba,72
http://www.wikidata.org/entity/Q117208060,pots & planter,721
http://www.wikidata.org/entity/Q116961503,salon chair,7241
http://www.wikidata.org/entity/Q117208259,mace & pepper spray,726
http://www.wikidata.org/entity/Q116960895,hand percussion accessory,7282
http://www.wikidata.org/entity/Q117207769,all-purpose cleaner,7330
http://www.wikidata.org/entity/Q116971414,pizza cutter accessory,7365
http://www.wikidata.org/entity/Q117208160,tiki torches & oil lamp,7399
http://www.wikidata.org/entity/Q116971054,multimeter accessory,7415
http://www.wikidata.org/entity/Q117207991,food grinders & mill,744
http://www.wikidata.org/entity/Q117208926,horse feed,7482
http://www.wikidata.org/entity/Q117208200,pool deck kit,7496
http://www.wikidata.org/entity/Q117208389,bulletin board trim,7526
http://www.wikidata.org/entity/Q117208142,sprinklers & sprinkler head,7561
http://www.wikidata.org/entity/Q5994,piano,76
http://www.wikidata.org/entity/Q117208018,vacuum sealer,763
http://www.wikidata.org/entity/Q116960266,erotic clothing,774
http://www.wikidata.org/entity/Q728,arme,780
http://www.wikidata.org/entity/Q117207300,arts & entertainment product,8
http://www.wikidata.org/entity/Q6607,guitare,80
http://www.wikidata.org/entity/Q116971389,kitchen utensil holders & rack,8012
http://www.wikidata.org/entity/Q25975660,template de document,8022
http://www.wikidata.org/entity/Q116971334,shoe care kit,8033
http://www.wikidata.org/entity/Q116960871,musical instrument amplifier footswitch,8073
http://www.wikidata.org/entity/Q6460735,repas,8076
http://www.wikidata.org/entity/Q117208945,saddle pads & blanket,8108
http://www.wikidata.org/entity/Q116970637,hanging chair replacement part,8206
http://www.wikidata.org/entity/Q116970879,electric & power shower,8277
http://www.wikidata.org/entity/Q8355,violon,86
http://www.wikidata.org/entity/Q8343,clarinette,88
http://www.wikidata.org/entity/Q11405,flûte,89
http://www.wikidata.org/entity/Q187851,flûte à bec,90
http://www.wikidata.org/entity/Q2383811,matériel de bureau,922
http://www.wikidata.org/entity/Q1516291,gift wrapping,94
http://www.wikidata.org/entity/Q193811,taille-crayon,943
http://www.wikidata.org/entity/Q117208358,office shredder,953
http://www.wikidata.org/entity/Q4951474,ruban d’emballage,975
http://www.wikidata.org/entity/Q1141557,Vélo elliptique,992
http://www.wikidata.org/entity/Q214638,sac de couchage,1020
http://www.wikidata.org/entity/Q117209020,paintball product,1049
http://www.wikidata.org/entity/Q117208622,track & field product,1060
http://www.wikidata.org/entity/Q117208643,wrestling,1068
http://www.wikidata.org/entity/Q117207592,sculptures & statue,11
http://www.wikidata.org/entity/Q116961454,business or industrial product,111
http://www.wikidata.org/entity/Q13389713,tuba,1142
http://www.wikidata.org/entity/Q206615,matériau de construction,115
http://www.wikidata.org/entity/Q116971189,carving chisels & gouge,1174
http://www.wikidata.org/entity/Q116971271,putty knives & scraper,1202
http://www.wikidata.org/entity/Q12767712,isolant,122
http://www.wikidata.org/entity/Q116037360,flying toy,1261
http://www.wikidata.org/entity/Q116970926,power or electrical supply,127
http://www.wikidata.org/entity/Q116970937,power & electrical supply,127
http://www.wikidata.org/entity/Q182612,robinetterie,133
http://www.wikidata.org/entity/Q816425,arpentage,134
http://www.wikidata.org/entity/Q116970469,ups accessory,1375
http://www.wikidata.org/entity/Q126793,commerce de détail,138
http://www.wikidata.org/entity/Q116961694,audio accessory,1420
http://www.wikidata.org/entity/Q116971285,tool key,1439
http://www.wikidata.org/entity/Q116961894,memory card adapter,146
http://www.wikidata.org/entity/Q116970579,home game console accessory,1505
http://www.wikidata.org/entity/Q62927,appareil photographique numérique,152
http://www.wikidata.org/entity/Q1351693,souffleuse à neige,1541
http://www.wikidata.org/entity/Q1147545,cafetière à piston,1557
http://www.wikidata.org/entity/Q196538,microscope,158
http://www.wikidata.org/entity/Q106763288,nap mat,1599
http://www.wikidata.org/entity/Q934849,bandeau,1662
http://www.wikidata.org/entity/Q116960225,bandanas & headty,168
http://www.wikidata.org/entity/Q117207431,nuts & bolt,1739
http://www.wikidata.org/entity/Q2196000,rêne,1754
http://www.wikidata.org/entity/Q109742,bretelle,179
http://www.wikidata.org/entity/Q154453,beer dispensers & tap,1817
http://www.wikidata.org/entity/Q958210,gilet,1831
http://www.wikidata.org/entity/Q189299,collier,196
http://www.wikidata.org/entity/Q117207424,drop cloth,1979
http://www.wikidata.org/entity/Q116970755,solder & flux,1995
http://www.wikidata.org/entity/Q178898,compresseur mécanique,2015
http://www.wikidata.org/entity/Q178143,ketchup,2018
http://www.wikidata.org/entity/Q104555,règle,2021
http://www.wikidata.org/entity/Q4388799,vêtement d'extérieur,203
http://www.wikidata.org/entity/Q1021686,chaise de bureau,2045
http://www.wikidata.org/entity/Q386215,mug,2169
http://www.wikidata.org/entity/Q115618304,cakes and dessert bar,2194
http://www.wikidata.org/entity/Q4683254,lame de scie,2202
http://www.wikidata.org/entity/Q117208096,power tillers & cultivator,2204
http://www.wikidata.org/entity/Q117208087,grass edger,2218
http://www.wikidata.org/entity/Q200539,robe,2271
http://www.wikidata.org/entity/Q46384,microphone,234
http://www.wikidata.org/entity/Q116960417,art & craft paper,24
http://www.wikidata.org/entity/Q3556808,Vibrateur industriel,2456
http://www.wikidata.org/entity/Q864121,Home cinema,252
http://www.wikidata.org/entity/Q116961828,corded phone,271
http://www.wikidata.org/entity/Q117207378,"print trays, washers & dryer",2728
http://www.wikidata.org/entity/Q116970552,computer monitor accessory,283
http://www.wikidata.org/entity/Q116970364,audio cards & adapter,286
http://www.wikidata.org/entity/Q116970360,i/o cards & adapter,287
http://www.wikidata.org/entity/Q193395,périphérique de stockage d'information,288
http://www.wikidata.org/entity/Q116970490,network cards & adapter,290
http://www.wikidata.org/entity/Q20137,pavé tactile,308
http://www.wikidata.org/entity/Q1578,cigarette,3151
http://www.wikidata.org/entity/Q217416,Chargeur sur pneus,3175
http://www.wikidata.org/entity/Q117208415,handheld & pda software,318
http://www.wikidata.org/entity/Q117208169,lamp shade,3185
http://www.wikidata.org/entity/Q1053956,perle,32
http://www.wikidata.org/entity/Q1548347,rabot à fromage,3206
http://www.wikidata.org/entity/Q9135,système d'exploitation,321
http://www.wikidata.org/entity/Q117209029,paintball air tank,3244
http://www.wikidata.org/entity/Q117208521,fencing protective gear,3261
http://www.wikidata.org/entity/Q117208519,ballet barre,3269
http://www.wikidata.org/entity/Q117207313,juggling product,33
http://www.wikidata.org/entity/Q117209369,anchor lines & rope,3362
http://www.wikidata.org/entity/Q637982,système d'assurage,3363
http://www.wikidata.org/entity/Q117207721,humidifier filter,3402
http://www.wikidata.org/entity/Q1546715,roulette à pizza,3421
http://www.wikidata.org/entity/Q153988,bol,3498
http://www.wikidata.org/entity/Q117208704,air hockey table part,3548
http://www.wikidata.org/entity/Q116037155,soccer fan accessory,3576
http://www.wikidata.org/entity/Q116037376,toy spacecraft,3589
http://www.wikidata.org/entity/Q117208562,ice skate sharpener,3623
http://www.wikidata.org/entity/Q117209073,skate ramp,3626
http://www.wikidata.org/entity/Q106511243,security light,363
http://www.wikidata.org/entity/Q117208437,american football kicking tees & holder,3656
http://www.wikidata.org/entity/Q116037420,bowling toy,3665
http://www.wikidata.org/entity/Q1576,cigare,3682
http://www.wikidata.org/entity/Q14880,casse-noix,3685
http://www.wikidata.org/entity/Q117208491,martial arts belt,3717
http://www.wikidata.org/entity/Q89585478,cheval de voltige,3779
http://www.wikidata.org/entity/Q4439,disque dur,380
http://www.wikidata.org/entity/Q2974181,Cire,3801
http://www.wikidata.org/entity/Q6817227,bouteille d'eau,3809
http://www.wikidata.org/entity/Q751913,lecteur de bande magnétique,385
http://www.wikidata.org/entity/Q116970575,dvd & blu-ray player,388
http://www.wikidata.org/entity/Q116961809,circuit prototyping,3889
http://www.wikidata.org/entity/Q1414962,DVD recorder,389
http://www.wikidata.org/entity/Q1350323,Pied de micro,3912
http://www.wikidata.org/entity/Q116971224,mattocks & pickaxe,3932
http://www.wikidata.org/entity/Q81895,cuillère,3939
http://www.wikidata.org/entity/Q1893641,soupière,3941
http://www.wikidata.org/entity/Q116037153,hockey fan accessory,4006
http://www.wikidata.org/entity/Q117208739,table shuffleboard puck,4021
http://www.wikidata.org/entity/Q289,télévision,404
http://www.wikidata.org/entity/Q116037109,hockey autographed paraphernalia,4144
http://www.wikidata.org/entity/Q7366277,room divider,4163
http://www.wikidata.org/entity/Q7132937,Badge,4179
http://www.wikidata.org/entity/Q117207385,lighting & studio product,42
http://www.wikidata.org/entity/Q117208138,garden hose spray nozzle,4201
http://www.wikidata.org/entity/Q4237858,encre de tatouage,4215
http://www.wikidata.org/entity/Q1181895,napperon,4343
http://www.wikidata.org/entity/Q115633874,Homecare & Hospital Beds,4435
http://www.wikidata.org/entity/Q116970609,bed & bed frame accessory,4437
http://www.wikidata.org/entity/Q115634335,laboratory blender,4474
http://www.wikidata.org/entity/Q943110,chatière,4497
http://www.wikidata.org/entity/Q117207900,can & bottle sleeve,4521
http://www.wikidata.org/entity/Q104481553,chainring,4591
http://www.wikidata.org/entity/Q229385,sauce soja,4616
http://www.wikidata.org/entity/Q116961827,conference phone,4666
http://www.wikidata.org/entity/Q117208668,exercise equipment mat,4669
http://www.wikidata.org/entity/Q115922057,health care or beauty item,469
http://www.wikidata.org/entity/Q383389,tahini,4692
http://www.wikidata.org/entity/Q116971419,rolling pin ring,4707
http://www.wikidata.org/entity/Q116961953,e-book reader accessory,4736
http://www.wikidata.org/entity/Q116036928,food service cart,4742
http://www.wikidata.org/entity/Q1140661,sonomètre,4757
http://www.wikidata.org/entity/Q116961087,flute accessory,4792
http://www.wikidata.org/entity/Q116971327,combs & brush,487
http://www.wikidata.org/entity/Q116960852,brass instrument lubricant,4894
http://www.wikidata.org/entity/Q116961155,woodwind reed knife,4939
http://www.wikidata.org/entity/Q117208749,boating & water sport product,499811
http://www.wikidata.org/entity/Q116958042,dog apparel,5004
http://www.wikidata.org/entity/Q116220957,first aid product,508
http://www.wikidata.org/entity/Q67689548,disposable plate,5101
http://www.wikidata.org/entity/Q116960497,sewing machine foot,5120
http://www.wikidata.org/entity/Q116961757,audio transmitter,5129
http://www.wikidata.org/entity/Q115633891,medical cart,5171
http://www.wikidata.org/entity/Q200539,robe,5182
http://www.wikidata.org/entity/Q6887300,aide à la mobilité,519
http://www.wikidata.org/entity/Q117207518,oral care product,526
http://www.wikidata.org/entity/Q117207531,shaving & grooming,528
http://www.wikidata.org/entity/Q1545022,après-rasage,529
http://www.wikidata.org/entity/Q17457835,electric shaver,532
http://www.wikidata.org/entity/Q115921244,infant product,537
http://www.wikidata.org/entity/Q21192427,cross-over,5435
http://www.wikidata.org/entity/Q99525325,medical needle,543670
http://www.wikidata.org/entity/Q7284525,rain pants,5514
http://www.wikidata.org/entity/Q106763383,potty seat,552
http://www.wikidata.org/entity/Q126362598,baby wipe,553
http://www.wikidata.org/entity/Q11831723,saturomètre,5551
http://www.wikidata.org/entity/Q116970547,cable tv receiver,5562
http://www.wikidata.org/entity/Q1381731,Loi 4 du football,5564
http://www.wikidata.org/entity/Q116971324,work light,5592
http://www.wikidata.org/entity/Q1066288,figurine,5609
http://www.wikidata.org/entity/Q2287198,substitut du lait maternel,563
http://www.wikidata.org/entity/Q201097,panier,573
http://www.wikidata.org/entity/Q3596097,sauce tomate,5759
http://www.wikidata.org/entity/Q10424543,bathroom rug,577
http://www.wikidata.org/entity/Q884785,baking chocolate,5776
http://www.wikidata.org/entity/Q839818,rideau de douche,580
http://www.wikidata.org/entity/Q1434634,flight suit,5878
http://www.wikidata.org/entity/Q116960892,drum sticks & brush,59
http://www.wikidata.org/entity/Q111324721,appareil d'éclairage,594
http://www.wikidata.org/entity/Q117207998,garbage disposal,610
http://www.wikidata.org/entity/Q49013,machine à coudre,615
http://www.wikidata.org/entity/Q117207729,vacuum accessory,618
http://www.wikidata.org/entity/Q116961052,woodwind instrument accessory,62
http://www.wikidata.org/entity/Q117208783,planche ventrale,6287
http://www.wikidata.org/entity/Q115922519,matériel domestique,630
http://www.wikidata.org/entity/Q115633796,medical bedding,6303
http://www.wikidata.org/entity/Q5297202,accessoire de porte,6343
http://www.wikidata.org/entity/Q116970654,living room furniture set,6348
http://www.wikidata.org/entity/Q88549777,escabeau,635
http://www.wikidata.org/entity/Q7541441,slotted spoon,6388
http://www.wikidata.org/entity/Q117207865,cake pans & mold,643
http://www.wikidata.org/entity/Q116971153,miter saw accessory,6503
http://www.wikidata.org/entity/Q6503681,lawn sweeper,6541
http://www.wikidata.org/entity/Q116221555,eyebrow stencil,6555
http://www.wikidata.org/entity/Q95999057,Burdock Root,6618
http://www.wikidata.org/entity/Q115618574,Sapote,6687
http://www.wikidata.org/entity/Q117208035,salt & pepper shaker,676
http://www.wikidata.org/entity/Q167296,cidre,6761
http://www.wikidata.org/entity/Q117207716,furnace & boiler accessory,6773
http://www.wikidata.org/entity/Q188669,âtre,6792
http://www.wikidata.org/entity/Q106612,babeurre,6797
http://www.wikidata.org/entity/Q36539,four,683
http://www.wikidata.org/entity/Q182058,Coupe-cigare,6879
http://www.wikidata.org/entity/Q80962,élevage,6991
http://www.wikidata.org/entity/Q8350,trombone,70
http://www.wikidata.org/entity/Q117207619,flags & windsock,701
http://www.wikidata.org/entity/Q117208728,multi-game table,7010
http://www.wikidata.org/entity/Q117208961,fishing bead,7125
http://www.wikidata.org/entity/Q117207986,electric griddles & grill,7165
http://www.wikidata.org/entity/Q7865904,USB-to-serial adapter,7182
http://www.wikidata.org/entity/Q117208078,"sheds, garages & carport",720
http://www.wikidata.org/entity/Q116037406,riding toy accessory,7202
http://www.wikidata.org/entity/Q117207606,decorative bell,7206
http://www.wikidata.org/entity/Q116960184,food service uniform,7235
http://www.wikidata.org/entity/Q116961502,pedicure chair,7242
http://www.wikidata.org/entity/Q173350,circuit imprimé,7264
http://www.wikidata.org/entity/Q116960863,sac de pupitre de musique,7279
http://www.wikidata.org/entity/Q116961174,finger & hand cymbal,7288
http://www.wikidata.org/entity/Q243998,bongo,7298
http://www.wikidata.org/entity/Q115634309,dissection kit,7325
http://www.wikidata.org/entity/Q1139048,moulin à café,734
http://www.wikidata.org/entity/Q117207931,electric skillet & wok accessory,7355
http://www.wikidata.org/entity/Q116037358,kite accessory,7368
http://www.wikidata.org/entity/Q153059,friteuse,738
http://www.wikidata.org/entity/Q1807716,déshydrateur,743
http://www.wikidata.org/entity/Q116971220,grout sponge,7484
http://www.wikidata.org/entity/Q117208000,ice crushers & shaver,749
http://www.wikidata.org/entity/Q1661583,percussion,75
http://www.wikidata.org/entity/Q204885,ciment dentaire,7500
http://www.wikidata.org/entity/Q1639262,boîte à chapeau,7514
http://www.wikidata.org/entity/Q605696,filtre à eau,765
http://www.wikidata.org/entity/Q1691892,yogurt maker,766
http://www.wikidata.org/entity/Q185785,munition,781
http://www.wikidata.org/entity/Q117208686,free weight storage rack,8083
http://www.wikidata.org/entity/Q117209167,motor vehicle frame & body part,8227
http://www.wikidata.org/entity/Q116960168,saris & lehenga,8248
http://www.wikidata.org/entity/Q19818,mandrin,8276
http://www.wikidata.org/entity/Q117207504,hair care kit,8452
http://www.wikidata.org/entity/Q117208119,multifunction outdoor power equipment attachment,8485
http://www.wikidata.org/entity/Q117207520,denture repair kit,8543
http://www.wikidata.org/entity/Q181247,bois,87
http://www.wikidata.org/entity/Q116970592,motor vehicle speaker,895
http://www.wikidata.org/entity/Q117208328,office tape,934
http://www.wikidata.org/entity/Q117208396,easel pad,967
http://www.wikidata.org/entity/Q1365018,pointeur laser,969
http://www.wikidata.org/entity/Q117208400,moving & shipping box,973
http://www.wikidata.org/entity/Q117208661,stair climbers & stepper,996
http://www.wikidata.org/entity/Q839144,tapis de course,997
http://www.wikidata.org/entity/Q117208520,fencing,1006
http://www.wikidata.org/entity/Q117208005,portable cooking stove,1015
http://www.wikidata.org/entity/Q48992590,chariot de golf,1044
http://www.wikidata.org/entity/Q117208611,tennis product,1065
http://www.wikidata.org/entity/Q117208532,field hockey ball,1089
http://www.wikidata.org/entity/Q11451,agriculture,112
http://www.wikidata.org/entity/Q5175316,motomarine,1130
http://www.wikidata.org/entity/Q754360,détendeur de plongée,1141
http://www.wikidata.org/entity/Q36794,porte,119
http://www.wikidata.org/entity/Q245761,rectifieuse,1219
http://www.wikidata.org/entity/Q116971209,impact wrenches & driver,1221
http://www.wikidata.org/entity/Q116037327,beach & sand toy,1268
http://www.wikidata.org/entity/Q116970468,up,1348
http://www.wikidata.org/entity/Q116970871,fixture plate,1458
http://www.wikidata.org/entity/Q876650,filtre,147
http://www.wikidata.org/entity/Q384775,élastique à cheveux,1483
http://www.wikidata.org/entity/Q5454976,sondeur acoustique pour les activités de pêche,1550
http://www.wikidata.org/entity/Q116971282,threading machine,1584
http://www.wikidata.org/entity/Q116970572,video multiplexer,1634
http://www.wikidata.org/entity/Q4213,télescope,165
http://www.wikidata.org/entity/Q116971267,pipe & bar bender,1667
http://www.wikidata.org/entity/Q2024731,appareil sanitaire,1673
http://www.wikidata.org/entity/Q2041172,instrument de mesure,1732
http://www.wikidata.org/entity/Q51338,porte-clefs,175
http://www.wikidata.org/entity/Q116960256,scarves & shawl,177
http://www.wikidata.org/entity/Q116971221,masonry edgers & groover,1799
http://www.wikidata.org/entity/Q1047832,réservoir,1910
http://www.wikidata.org/entity/Q7857,toilettes,1921
http://www.wikidata.org/entity/Q248903,téléphonie par satellite,1924
http://www.wikidata.org/entity/Q14952,couvre-chef,2020
http://www.wikidata.org/entity/Q116970911,water filter cartridge,2063
http://www.wikidata.org/entity/Q43663,chaussette,209
http://www.wikidata.org/entity/Q116971244,thermocouples & thermopile,2093
http://www.wikidata.org/entity/Q160710,mémoire morte,2130
http://www.wikidata.org/entity/Q1051241,sonorisation,2154
http://www.wikidata.org/entity/Q581105,électronique grand public,222
http://www.wikidata.org/entity/Q116970451,video camera battery,2222
http://www.wikidata.org/entity/Q191709,lustre,2249
http://www.wikidata.org/entity/Q116970906,water dispensing & filtration,2273
http://www.wikidata.org/entity/Q29583086,sac à chaussures,2301
http://www.wikidata.org/entity/Q116970485,voip gateways & router,2358
http://www.wikidata.org/entity/Q117208391,bulletin board,2401
http://www.wikidata.org/entity/Q740732,éperons,2427
http://www.wikidata.org/entity/Q116961773,cassette players & recorder,243
http://www.wikidata.org/entity/Q116961763,signal processor,246
http://www.wikidata.org/entity/Q116970486,concentrators & multiplexer,2479
http://www.wikidata.org/entity/Q408151,aérographe,2486
http://www.wikidata.org/entity/Q117209209,vehicle decor,2495
http://www.wikidata.org/entity/Q1355866,maison de poupée,2499
http://www.wikidata.org/entity/Q117208068,outdoor structure,2613
http://www.wikidata.org/entity/Q143978,fil dentaire,2620
http://www.wikidata.org/entity/Q117207689,window valances & cornice,2621
http://www.wikidata.org/entity/Q116961824,communication radio accessory,263
http://www.wikidata.org/entity/Q223807,vernis à ongles,2683
http://www.wikidata.org/entity/Q1122035,Télécarte,269
http://www.wikidata.org/entity/Q117208937,horse harness,2756
http://www.wikidata.org/entity/Q116037394,remote control toy accessory,2778
http://www.wikidata.org/entity/Q117207503,insoles & insert,2801
http://www.wikidata.org/entity/Q116970894,toilet tank lever,2817
http://www.wikidata.org/entity/Q270380,coupe-ongles,2828
http://www.wikidata.org/entity/Q3972,bloc d'alimentation,291
http://www.wikidata.org/entity/Q23797,lentille de contact,2923
http://www.wikidata.org/entity/Q12201,Coton tige,2934
http://www.wikidata.org/entity/Q116970355,computer starter kit,294
http://www.wikidata.org/entity/Q116220717,antiseptics & cleaning supply,2954
http://www.wikidata.org/entity/Q117208214,spa,2982
http://www.wikidata.org/entity/Q17068217,make-up brush,3025
http://www.wikidata.org/entity/Q117208379,art pencil,3026
http://www.wikidata.org/entity/Q117209112,snowshoe,3064
http://www.wikidata.org/entity/Q116960351,equestrian glove,3084
http://www.wikidata.org/entity/Q117209000,clay pigeon shooting product,3125
http://www.wikidata.org/entity/Q7397,logiciel,313
http://www.wikidata.org/entity/Q653928,flipper,3140
http://www.wikidata.org/entity/Q116971439,compilers & programming tool,315
http://www.wikidata.org/entity/Q1317729,piscine à boules,3207
http://www.wikidata.org/entity/Q64729893,server computer,331
http://www.wikidata.org/entity/Q117207905,bread boxes & bag,3337
http://www.wikidata.org/entity/Q117207707,household appliance accessory,3348
http://www.wikidata.org/entity/Q117208763,rash guards & swim shirt,3376
http://www.wikidata.org/entity/Q116970483,networking,342
http://www.wikidata.org/entity/Q117208594,rugby glove,3487
http://www.wikidata.org/entity/Q57216,assiette,3553
http://www.wikidata.org/entity/Q117208890,bicycle transport bags & case,3558
http://www.wikidata.org/entity/Q116971369,lobster & crab cracker,3586
http://www.wikidata.org/entity/Q116960448,craft magnet,36
http://www.wikidata.org/entity/Q116037398,remote control cars & truck,3601
http://www.wikidata.org/entity/Q2597459,fishing sinker,3651
http://www.wikidata.org/entity/Q117208691,weight lifting belt,3654
http://www.wikidata.org/entity/Q106963151,piège à animal,3674
http://www.wikidata.org/entity/Q117209030,paintball gun barrel,3690
http://www.wikidata.org/entity/Q116971374,food dispenser,3723
http://www.wikidata.org/entity/Q356700,Film étirable,3750
http://www.wikidata.org/entity/Q116970394,cd/dvd duplicator,376
http://www.wikidata.org/entity/Q459414,coup-de-poing américain,3833
http://www.wikidata.org/entity/Q3130638,couteau de table,3844
http://www.wikidata.org/entity/Q117208692,weight lifting gloves & hand support,3858
http://www.wikidata.org/entity/Q1500696,bouchon,3859
http://www.wikidata.org/entity/Q117207720,humidifier accessory,3862
http://www.wikidata.org/entity/Q117208577,sports megaphone,3877
http://www.wikidata.org/entity/Q865042,magnétoscope numérique,390
http://www.wikidata.org/entity/Q380616,magnétoscope,391
http://www.wikidata.org/entity/Q106763365,bath toy,3911
http://www.wikidata.org/entity/Q117208495,cheerleading pom pom,3953
http://www.wikidata.org/entity/Q116970543,multimedia projector,397
http://www.wikidata.org/entity/Q117208598,rugby training aid,3983
http://www.wikidata.org/entity/Q117208627,pole vault pit,3987
http://www.wikidata.org/entity/Q116970562,television parts & accessory,403
http://www.wikidata.org/entity/Q335201,flacon de laboratoire,4036
http://www.wikidata.org/entity/Q116970619,armoires & wardrobe,4063
http://www.wikidata.org/entity/Q116961557,tattooing needle,4072
http://www.wikidata.org/entity/Q381243,effets spéciaux,408
http://www.wikidata.org/entity/Q1778640,Machine fumigène,409
http://www.wikidata.org/entity/Q40050,boisson,413
http://www.wikidata.org/entity/Q13261,chocolat chaud,415
http://www.wikidata.org/entity/Q116961571,coin & bill counter,4151
http://www.wikidata.org/entity/Q56139,boisson spiritueuse,417
http://www.wikidata.org/entity/Q2596997,condiment,427
http://www.wikidata.org/entity/Q10943,fromage,429
http://www.wikidata.org/entity/Q1131760,compactor,4325
http://www.wikidata.org/entity/Q116960479,pottery & sculpting material,44
http://www.wikidata.org/entity/Q117207877,cookware set,4721
http://www.wikidata.org/entity/Q116961056,bassoon cases & gigbag,4810
http://www.wikidata.org/entity/Q117208420,home publishing software,4949
http://www.wikidata.org/entity/Q15735514,body fat analyzer,496
http://www.wikidata.org/entity/Q117207776,glass & surface cleaner,4976
http://www.wikidata.org/entity/Q175619,jouet pour chien,5010
http://www.wikidata.org/entity/Q1057052,graine germée,503761
http://www.wikidata.org/entity/Q116971456,vehicle jump starter,5068
http://www.wikidata.org/entity/Q116971351,carving fork,5078
http://www.wikidata.org/entity/Q1994782,niche,5094
http://www.wikidata.org/entity/Q617239,planche à découper,5137
http://www.wikidata.org/entity/Q116221255,accessibility equipment,520
http://www.wikidata.org/entity/Q116970510,printer drums & drum kit,5259
http://www.wikidata.org/entity/Q117207359,rangefinder accessory,5283
http://www.wikidata.org/entity/Q116960284,costume shoe,5387
http://www.wikidata.org/entity/Q116961713,karaoke system accessory,5395
http://www.wikidata.org/entity/Q1823582,boîte à lumière,5432
http://www.wikidata.org/entity/Q116970531,printer stand,5459
http://www.wikidata.org/entity/Q116970416,electronics stickers & decal,5523
http://www.wikidata.org/entity/Q15076078,Kiteboard,5580
http://www.wikidata.org/entity/Q117208232,shopping tote,5608
http://www.wikidata.org/entity/Q117207471,skin care product,567
http://www.wikidata.org/entity/Q154389,mélasse,5766
http://www.wikidata.org/entity/Q798358,baking flavor,5775
http://www.wikidata.org/entity/Q117207576,toilet brushes & holder,583
http://www.wikidata.org/entity/Q193234,scooter,5879
http://www.wikidata.org/entity/Q117207351,surveillance camera accessory,5937
http://www.wikidata.org/entity/Q116037366,play vehicle accessory,5970
http://www.wikidata.org/entity/Q73603,dirndl,6031
http://www.wikidata.org/entity/Q117208891,bicycle water sport board rack,6048
http://www.wikidata.org/entity/Q117208070,canopy & gazebo accessory,6105
http://www.wikidata.org/entity/Q519840,navette,6166
http://www.wikidata.org/entity/Q2626671,coussin chauffant,6205
http://www.wikidata.org/entity/Q117208804,towable rafts & tube,6301
http://www.wikidata.org/entity/Q98642678,outdoor seating,6368
http://www.wikidata.org/entity/Q116970951,extension cord accessory,6375
http://www.wikidata.org/entity/Q154038,ustensile de cuisine,640
http://www.wikidata.org/entity/Q117207509,hair steamers & heat cap,6429
http://www.wikidata.org/entity/Q117207866,muffin & pastry pan,644
http://www.wikidata.org/entity/Q116960515,thread & yarn cutter,6447
http://www.wikidata.org/entity/Q7339910,rôtissoire,648
http://www.wikidata.org/entity/Q116970639,"arm chairs, recliners & sleeper chair",6499
http://www.wikidata.org/entity/Q2257621,swim belt,6513
http://www.wikidata.org/entity/Q262046,boule à neige,6535
http://www.wikidata.org/entity/Q803889,bain-marie,656
http://www.wikidata.org/entity/Q26703516,Whistling kettle,659
http://www.wikidata.org/entity/Q169,mangue,6646
http://www.wikidata.org/entity/Q117207427,gas hose,6841
http://www.wikidata.org/entity/Q116970616,storage & entryway bench,6851
http://www.wikidata.org/entity/Q116971060,airbrush accessory,6887
http://www.wikidata.org/entity/Q2626569,baleine de col,6984
http://www.wikidata.org/entity/Q117207829,household storage caddie,6986
http://www.wikidata.org/entity/Q117208076,"garden arches, trellises, arbors & pergola",703
http://www.wikidata.org/entity/Q117207610,decorative jar,7113
http://www.wikidata.org/entity/Q115922801,"outdoors, garden and lawn item",7169
http://www.wikidata.org/entity/Q117208940,horse tack accessory,7215
http://www.wikidata.org/entity/Q117208946,saddle rack,7216
http://www.wikidata.org/entity/Q188674,automate programmable industriel,7263
http://www.wikidata.org/entity/Q116971188,carpentry jointer,7271
http://www.wikidata.org/entity/Q116221335,PAP machine,7317
http://www.wikidata.org/entity/Q116961582,business hour sign,7322
http://www.wikidata.org/entity/Q116958188,pet sunscreen,7396
http://www.wikidata.org/entity/Q1364042,chauffe-eau,751
http://www.wikidata.org/entity/Q3509140,popcorn maker,756
http://www.wikidata.org/entity/Q1069045,chela,7562
http://www.wikidata.org/entity/Q117208016,sandwich maker,759
http://www.wikidata.org/entity/Q12796,arme à feu,782
http://www.wikidata.org/entity/Q8371,violoncelle,79
http://www.wikidata.org/entity/Q116971023,cutter accessory,8117
http://www.wikidata.org/entity/Q117209325,vehicle storage & cargo,8237
http://www.wikidata.org/entity/Q117209204,automotive storage cover,8310
http://www.wikidata.org/entity/Q16354,tableau blanc,971
http://www.wikidata.org/entity/Q117208373,markers & highlighter,980
http://www.wikidata.org/entity/Q117208696,yoga & pilate product,999
http://www.wikidata.org/entity/Q117208721,bowling product,1004
http://www.wikidata.org/entity/Q223924,monocycle,1030
http://www.wikidata.org/entity/Q117208220,cosmetic & toiletry bag,108
http://www.wikidata.org/entity/Q179246,kayak,1127
http://www.wikidata.org/entity/Q117209098,ski & snowboard helmet,1161
http://www.wikidata.org/entity/Q11469,verre,120
http://www.wikidata.org/entity/Q805083,stud finder,1207
http://www.wikidata.org/entity/Q193897,pinceau,1300
http://www.wikidata.org/entity/Q116037085,seal stamp,1312
http://www.wikidata.org/entity/Q116036427,food service product,135
http://www.wikidata.org/entity/Q221836,flash photographique,148
http://www.wikidata.org/entity/Q6293,pellicule photographique,153
http://www.wikidata.org/entity/Q117207703,"flood, fire & gas safety product",1679
http://www.wikidata.org/entity/Q113755708,mobile phone battery case,1745
http://www.wikidata.org/entity/Q394268,pince à cravate,180
http://www.wikidata.org/entity/Q116960293,charms & pendant,192
http://www.wikidata.org/entity/Q117208347,av cart,1996
http://www.wikidata.org/entity/Q46847,bague,200
http://www.wikidata.org/entity/Q116961602,work safety protective gear,2047
http://www.wikidata.org/entity/Q862633,uniforme scolaire,206
http://www.wikidata.org/entity/Q2436500,place card,2104
http://www.wikidata.org/entity/Q2659787,motion sensor,2161
http://www.wikidata.org/entity/Q3918600,truelle,2181
http://www.wikidata.org/entity/Q116037080,collectible sword,221
http://www.wikidata.org/entity/Q27094,amplificateur,224
http://www.wikidata.org/entity/Q116961776,minidisc players & recorder,235
http://www.wikidata.org/entity/Q107652761,shoe drier,2371
http://www.wikidata.org/entity/Q193395,périphérique de stockage d'information,2414
http://www.wikidata.org/entity/Q116961167,audio sampler,245
http://www.wikidata.org/entity/Q181008,puzzle,2618
http://www.wikidata.org/entity/Q6887188,mobile phone accessory,264
http://www.wikidata.org/entity/Q474642,Agrandisseur,2698
http://www.wikidata.org/entity/Q1195934,téléphone sans fil,272
http://www.wikidata.org/entity/Q117207793,sponges & scouring pad,2796
http://www.wikidata.org/entity/Q117209160,motor vehicle climate control,2805
http://www.wikidata.org/entity/Q117209163,motor vehicle engine part,2820
http://www.wikidata.org/entity/Q177157,uniforme,2928
http://www.wikidata.org/entity/Q116970354,computer racks & mount,293
http://www.wikidata.org/entity/Q116970357,desktop computer & server case,296
http://www.wikidata.org/entity/Q865422,contrôleur de jeu vidéo,301
http://www.wikidata.org/entity/Q963334,charleston,3015
http://www.wikidata.org/entity/Q29576,webcam,312
http://www.wikidata.org/entity/Q1494647,outil de jardin,3173
http://www.wikidata.org/entity/Q117209057,deck shuffleboard puck,3190
http://www.wikidata.org/entity/Q116960338,bicycle shoe cover,3272
http://www.wikidata.org/entity/Q116971159,soldering iron accessory,3281
http://www.wikidata.org/entity/Q964912,Éclairage automobile,3318
http://www.wikidata.org/entity/Q117209392,watercraft engine control,3321
http://www.wikidata.org/entity/Q3633601,marine electronics,340
http://www.wikidata.org/entity/Q23856,toupie,3466
http://www.wikidata.org/entity/Q181947,arbalète,3505
http://www.wikidata.org/entity/Q117209149,water table,3556
http://www.wikidata.org/entity/Q117207828,household storage bag,3561
http://www.wikidata.org/entity/Q117208716,billiard pocket,3574
http://www.wikidata.org/entity/Q117208787,surfboard cases & bag,3579
http://www.wikidata.org/entity/Q211959,détecteur de métaux,361
http://www.wikidata.org/entity/Q167130,cadre,3639
http://www.wikidata.org/entity/Q117209056,deck shuffleboard cue,3689
http://www.wikidata.org/entity/Q47098,Shuriken,3694
http://www.wikidata.org/entity/Q10500684,masque d'escrime,3707
http://www.wikidata.org/entity/Q1647694,clé USB,3712
http://www.wikidata.org/entity/Q116970400,hard drive carrying case,381
http://www.wikidata.org/entity/Q117209261,vehicle paint,3812
http://www.wikidata.org/entity/Q2736972,exerciseur,3868
http://www.wikidata.org/entity/Q117208629,throwing hammer,3880
http://www.wikidata.org/entity/Q2419566,désodorisant,3898
http://www.wikidata.org/entity/Q117208738,table shuffleboard powder,3996
http://www.wikidata.org/entity/Q830004,mors,4018
http://www.wikidata.org/entity/Q116971442,multifunction tools & knife,4095
http://www.wikidata.org/entity/Q1317537,Tige de selle,4194
http://www.wikidata.org/entity/Q193472,tronc,4233
http://www.wikidata.org/entity/Q116961565,banknote verifier,4290
http://www.wikidata.org/entity/Q116961528,piercing supply,4350
http://www.wikidata.org/entity/Q117207329,lens converter,4416
http://www.wikidata.org/entity/Q117207987,electric skillets & wok,4421
http://www.wikidata.org/entity/Q117207328,lens bag,4441
http://www.wikidata.org/entity/Q117208398,wireless presenter,4465
http://www.wikidata.org/entity/Q116970621,china cabinets & hutch,448
http://www.wikidata.org/entity/Q117207920,coffee filter basket,4500
http://www.wikidata.org/entity/Q117207871,baking mats & liner,4503
http://www.wikidata.org/entity/Q625145,épilation,4507
http://www.wikidata.org/entity/Q3545350,pouf,458
http://www.wikidata.org/entity/Q667999,table de chevet,462
http://www.wikidata.org/entity/Q1138737,lampe,4636
http://www.wikidata.org/entity/Q117207365,tripod & monopod accessory,4638
http://www.wikidata.org/entity/Q117208109,lawn mower cover,4642
http://www.wikidata.org/entity/Q117207791,scrub brush,4670
http://www.wikidata.org/entity/Q116221817,nail care product,478
http://www.wikidata.org/entity/Q116961085,clarinet straps & support,4825
http://www.wikidata.org/entity/Q116961116,oboe part,4845
http://www.wikidata.org/entity/Q1572168,moulinet,4926
http://www.wikidata.org/entity/Q116220639,biometric monitor,494
http://www.wikidata.org/entity/Q116961104,harmonica case,4956
http://www.wikidata.org/entity/Q55611850,food warmer,5103
http://www.wikidata.org/entity/Q117207823,household insect repellent,512
http://www.wikidata.org/entity/Q116958127,pet medical collar,5145
http://www.wikidata.org/entity/Q86938825,foot care,515
http://www.wikidata.org/entity/Q116970576,streaming & home media player,5276
http://www.wikidata.org/entity/Q116960117,baby one-piece,5411
http://www.wikidata.org/entity/Q116960098,hunting & fishing vest,5461
http://www.wikidata.org/entity/Q116961951,computer risers & stand,5489
http://www.wikidata.org/entity/Q117207579,dummy surveillance camera,5491
http://www.wikidata.org/entity/Q117208779,kitesurfing & windsurfing harness,5583
http://www.wikidata.org/entity/Q116961446,high chairs & booster seat,559
http://www.wikidata.org/entity/Q116971333,boot pull,5600
http://www.wikidata.org/entity/Q116961408,baby & toddler food,562
http://www.wikidata.org/entity/Q116961340,pacifiers & teether,566
http://www.wikidata.org/entity/Q117207816,ear candle,5706
http://www.wikidata.org/entity/Q115618823,conserve de produit de la mer,5813
http://www.wikidata.org/entity/Q116960182,underwear slip,5834
http://www.wikidata.org/entity/Q116961223,gift bag,5838
http://www.wikidata.org/entity/Q2916012,distributeur de papier toilette,584
http://www.wikidata.org/entity/Q116960550,"thread, yarn & bobbin winder",6153
http://www.wikidata.org/entity/Q116960524,stitch markers & counter,6160
http://www.wikidata.org/entity/Q1809119,découd-vite,6161
http://www.wikidata.org/entity/Q744497,enfile-aiguille,6163
http://www.wikidata.org/entity/Q116220719,cast & bandage protector,6206
http://www.wikidata.org/entity/Q1974312,produit de nettoyage,623
http://www.wikidata.org/entity/Q4795516,mouchoir en papier,624
http://www.wikidata.org/entity/Q117207691,wreaths & garland,6267
http://www.wikidata.org/entity/Q117208161,track lighting,6274
http://www.wikidata.org/entity/Q115094306,vital signs monitor,6280
http://www.wikidata.org/entity/Q116221811,lip & cheek stain,6306
http://www.wikidata.org/entity/Q117207333,camera bags & case,6308
http://www.wikidata.org/entity/Q116958116,pet shampoo & conditioner,6406
http://www.wikidata.org/entity/Q117208685,free weight accessory,6452
http://www.wikidata.org/entity/Q116970368,input device accessory,6475
http://www.wikidata.org/entity/Q117207676,window magnet,6530
http://www.wikidata.org/entity/Q116960453,jewelry & beading cord,6540
http://www.wikidata.org/entity/Q99548274,betterave,6580
http://www.wikidata.org/entity/Q117207883,pressure cookers & canner,660
http://www.wikidata.org/entity/Q104005575,kumquat,6632
http://www.wikidata.org/entity/Q81464,épinard,6695
http://www.wikidata.org/entity/Q117208560,figure skate boot,6708
http://www.wikidata.org/entity/Q115618479,baking chip,6754
http://www.wikidata.org/entity/Q6648683,sugar-apple,6814
http://www.wikidata.org/entity/Q115619093,ice cream novelty,6873
http://www.wikidata.org/entity/Q117208306,folders & report cover,6884
http://www.wikidata.org/entity/Q15655434,hope chest,6947
http://www.wikidata.org/entity/Q1441616,mangeoire d'oiseaux,698
http://www.wikidata.org/entity/Q117207620,fountains & pond,702
http://www.wikidata.org/entity/Q49844,boîte aux lettres,706
http://www.wikidata.org/entity/Q71865,Broche à glace,7061
http://www.wikidata.org/entity/Q117207421,concrete mold,7086
http://www.wikidata.org/entity/Q116960886,drum kit hardware,7099
http://www.wikidata.org/entity/Q1621499,carillon à vent,714
http://www.wikidata.org/entity/Q117208848,hiking pole accessory,7154
http://www.wikidata.org/entity/Q257179,capteur de rêves,7172
http://www.wikidata.org/entity/Q117208888,bicycle toe straps & clip,7223
http://www.wikidata.org/entity/Q117207978,breadmaker,732
http://www.wikidata.org/entity/Q116971022,axe accessory,7326
http://www.wikidata.org/entity/Q117207980,coffeemaking implement,736
http://www.wikidata.org/entity/Q116221834,anti-aging skin care kit product,7429
http://www.wikidata.org/entity/Q117209061,paddle ball set,7430
http://www.wikidata.org/entity/Q509869,Plaque chauffante,747
http://www.wikidata.org/entity/Q116970738,deck & fence cleaner,7503
http://www.wikidata.org/entity/Q87478722,aiguisoir à couteaux,752
http://www.wikidata.org/entity/Q117208241,clubs & baton,7567
http://www.wikidata.org/entity/Q117209173,motor vehicle sensors & gauge,8234
http://www.wikidata.org/entity/Q117208265,DVDs & video,839
http://www.wikidata.org/entity/Q117208121,ground & leaf blower attachment,8487
http://www.wikidata.org/entity/Q458789,cale de roue,8506
http://www.wikidata.org/entity/Q117208269,magazine & newspaper,886
http://www.wikidata.org/entity/Q117209165,motor vehicle exhaust,908
http://www.wikidata.org/entity/Q116961229,greeting & note card,95
http://www.wikidata.org/entity/Q117208397,transparency,963
http://www.wikidata.org/entity/Q117208371,writing & drawing instrument,977
http://www.wikidata.org/entity/Q117208724,foosball product,1007
http://www.wikidata.org/entity/Q117208843,camping & hiking product,1013
http://www.wikidata.org/entity/Q117208844,camping cookware & dinnerware,1016
http://www.wikidata.org/entity/Q11442,bicyclette,1026
http://www.wikidata.org/entity/Q117208880,bicycle front & rear rack,1028
http://www.wikidata.org/entity/Q1127483,casque de vélo,1029
http://www.wikidata.org/entity/Q117209008,hunting blinds & screen,1034
http://www.wikidata.org/entity/Q117208231,messenger bag,106
http://www.wikidata.org/entity/Q116037134,american football fan accessory,1095
http://www.wikidata.org/entity/Q117208447,american football helmet,1098
http://www.wikidata.org/entity/Q117209108,snowboard boot,1163
http://www.wikidata.org/entity/Q111547212,arrache-clou,1194
http://www.wikidata.org/entity/Q361132,couverture,123
http://www.wikidata.org/entity/Q116037329,building toy,1254
http://www.wikidata.org/entity/Q82390,Fauteuil massant,1442
http://www.wikidata.org/entity/Q117207323,camera & video camera lens,149
http://www.wikidata.org/entity/Q335095,caméra,154
http://www.wikidata.org/entity/Q11460,vêtement,1604
http://www.wikidata.org/entity/Q115634138,science and laboratory product,1624
http://www.wikidata.org/entity/Q117207982,electric & stovetop espresso pot,1647
http://www.wikidata.org/entity/Q116971338,shoe polishes & wax,1659
http://www.wikidata.org/entity/Q1065579,accessoire de mode,167
http://www.wikidata.org/entity/Q5295,mémoire vive,1733
http://www.wikidata.org/entity/Q117207425,filters & screen,1816
http://www.wikidata.org/entity/Q559045,lacet,1856
http://www.wikidata.org/entity/Q106763294,body jewelry,190
http://www.wikidata.org/entity/Q617567,bouton de manchette,193
http://www.wikidata.org/entity/Q116960154,sleepwear & loungewear,208
http://www.wikidata.org/entity/Q212989,maillot de bain,211
http://www.wikidata.org/entity/Q116961755,audio component,2165
http://www.wikidata.org/entity/Q116970746,hardware tape,2212
http://www.wikidata.org/entity/Q116961772,cd players & recorder,226
http://www.wikidata.org/entity/Q116960493,craft knife blade,232168
http://www.wikidata.org/entity/Q5384218,equalizer,248
http://www.wikidata.org/entity/Q570,haut-parleur,249
http://www.wikidata.org/entity/Q117207959,pasta maker accessory,2540
http://www.wikidata.org/entity/Q1260023,Test de dépistage de drogue,2552
http://www.wikidata.org/entity/Q117208317,"correction fluids, pens & tape",2591
http://www.wikidata.org/entity/Q147538,soda,2628
http://www.wikidata.org/entity/Q116961847,telephone accessory,265
http://www.wikidata.org/entity/Q505913,verre à shot,2694
http://www.wikidata.org/entity/Q599007,Plan de travail (cuisine),2729
http://www.wikidata.org/entity/Q117208201,pool floats & lounger,2860
http://www.wikidata.org/entity/Q1804457,Sonnette de table,2883
http://www.wikidata.org/entity/Q190172,cymbale,3043
http://www.wikidata.org/entity/Q116961745,mp3 player case,3055
http://www.wikidata.org/entity/Q247351,Décapeuse,3086
http://www.wikidata.org/entity/Q117208734,ping pong robot accessory,3132
http://www.wikidata.org/entity/Q1074158,didacticiel,317
http://www.wikidata.org/entity/Q117208708,billiard cue accessory,3222
http://www.wikidata.org/entity/Q117208811,sit-down hydrofoil,3289
http://www.wikidata.org/entity/Q3661571,climbing helmet,3314
http://www.wikidata.org/entity/Q980862,Sustain pedal,3324
http://www.wikidata.org/entity/Q1553201,lampe à diode électroluminescente,3329
http://www.wikidata.org/entity/Q117208809,planche de wakeboard,3353
http://www.wikidata.org/entity/Q117208494,cheerleading product,3354
http://www.wikidata.org/entity/Q117207954,outdoor grill racks & topper,3382
http://www.wikidata.org/entity/Q17996656,corne,3419
http://www.wikidata.org/entity/Q117208624,high jump crossbar,3445
http://www.wikidata.org/entity/Q116970494,"print, copy, scan & fax",345
http://www.wikidata.org/entity/Q116961916,kvm cable,3461
http://www.wikidata.org/entity/Q207763,rouleau à pâtisserie,3467
http://www.wikidata.org/entity/Q117208448,american football neck roll,3497
http://www.wikidata.org/entity/Q726235,liseuse,3539
http://www.wikidata.org/entity/Q16070102,telephone cable,3541
http://www.wikidata.org/entity/Q117208735,ping pong robot,3546
http://www.wikidata.org/entity/Q116970526,toner & inkjet cartridge,356
http://www.wikidata.org/entity/Q117208549,hockey pants,3615
http://www.wikidata.org/entity/Q117208524,fencing weapon,3622
http://www.wikidata.org/entity/Q117208820,windsurfing board part,3624
http://www.wikidata.org/entity/Q116961907,blank media,367
http://www.wikidata.org/entity/Q117208790,surfing tail pad,3762
http://www.wikidata.org/entity/Q2718981,bombe,3821
http://www.wikidata.org/entity/Q117207316,model rocketry,3885
http://www.wikidata.org/entity/Q116970558,projector replacement lamp,394
http://www.wikidata.org/entity/Q117209157,aircraft parts & accessory,3977
http://www.wikidata.org/entity/Q117207372,scope,4040
http://www.wikidata.org/entity/Q4959396,Anneau inclinable,4192
http://www.wikidata.org/entity/Q185217,produit laitier,428
http://www.wikidata.org/entity/Q2744736,Mobilier de jardin,4299
http://www.wikidata.org/entity/Q11661912,fruits et légumes,430
http://www.wikidata.org/entity/Q2643145,céréales et pseudo-céréale,431
http://www.wikidata.org/entity/Q1149713,Kotatsu,4484
http://www.wikidata.org/entity/Q116970633,kitchen & dining cart,453
http://www.wikidata.org/entity/Q680303,gig,456
http://www.wikidata.org/entity/Q116961084,clarinet reed,4824
http://www.wikidata.org/entity/Q116961082,clarinet small part,4832
http://www.wikidata.org/entity/Q116961091,flute swab,4840
http://www.wikidata.org/entity/Q3633540,soins des cheveux,486
http://www.wikidata.org/entity/Q116961135,saxophone pad saver,4861
http://www.wikidata.org/entity/Q116960853,brass instrument polishing cloth,4895
http://www.wikidata.org/entity/Q538556,Serveur vidéo,5278
http://www.wikidata.org/entity/Q116960100,martial arts shorts,5379
http://www.wikidata.org/entity/Q116961348,baby safety locks & guard,543
http://www.wikidata.org/entity/Q116961407,nursing & feeding,561
http://www.wikidata.org/entity/Q116961415,baby bottle nipples & liner,5630
http://www.wikidata.org/entity/Q427017,tire-lait,565
http://www.wikidata.org/entity/Q849302,Yukata,5676
http://www.wikidata.org/entity/Q116960258,kimono underclothes,5688
http://www.wikidata.org/entity/Q117207950,charcoal briquette,5694
http://www.wikidata.org/entity/Q1192656,boule à facettes,5711
http://www.wikidata.org/entity/Q115619074,dips and spreads,5740
http://www.wikidata.org/entity/Q117207567,facial tissue holder,579
http://www.wikidata.org/entity/Q5173771,brochure,5884
http://www.wikidata.org/entity/Q191851,vase,602
http://www.wikidata.org/entity/Q49005,rideau,603
http://www.wikidata.org/entity/Q193220,éventail,608
http://www.wikidata.org/entity/Q116960093,bicycle skinsuit,6087
http://www.wikidata.org/entity/Q117208115,lawn mower wheel,6094
http://www.wikidata.org/entity/Q1055324,cheese puff,6192
http://www.wikidata.org/entity/Q117208785,skimboard,6286
http://www.wikidata.org/entity/Q66466798,runner,6325
http://www.wikidata.org/entity/Q2007190,table à repasser,633
http://www.wikidata.org/entity/Q117207840,trash cans & wastebasket,637
http://www.wikidata.org/entity/Q19703148,retained-heat cooker,6523
http://www.wikidata.org/entity/Q262515,faitout,657
http://www.wikidata.org/entity/Q7537,Brassica oleracea var. botrytis,6600
http://www.wikidata.org/entity/Q7724780,casserole,661
http://www.wikidata.org/entity/Q13222088,grenade,6673
http://www.wikidata.org/entity/Q1521410,matériel de cuisine,668
http://www.wikidata.org/entity/Q117207902,lunch boxes & tote,669
http://www.wikidata.org/entity/Q192147,graviola,6691
http://www.wikidata.org/entity/Q116971410,oven mitts & pot holder,670
http://www.wikidata.org/entity/Q4846242,Brassica rapa subsp. chinensis var. parachinensis,6706
http://www.wikidata.org/entity/Q116970462,power control unit,6790
http://www.wikidata.org/entity/Q867246,étui à cigarettes,6881
http://www.wikidata.org/entity/Q165044,serre,693
http://www.wikidata.org/entity/Q116970683,outdoor furniture cover,6964
http://www.wikidata.org/entity/Q116961443,crib conversion kit,7071
http://www.wikidata.org/entity/Q193823,hamac,717
http://www.wikidata.org/entity/Q117208679,reaction ball,7174
http://www.wikidata.org/entity/Q201735,triangle,7290
http://www.wikidata.org/entity/Q390110,Vibraslap,7294
http://www.wikidata.org/entity/Q117208122,hedge trimmer attachment,7334
http://www.wikidata.org/entity/Q116221134,blood typing test kit,7337
http://www.wikidata.org/entity/Q117207642,mailbox replacement door,7339
http://www.wikidata.org/entity/Q2098111,levain naturel,7354
http://www.wikidata.org/entity/Q116971451,Vehicle battery charger,7414
http://www.wikidata.org/entity/Q14890,grille-pain,762
http://www.wikidata.org/entity/Q117207967,steam table pan,8053
http://www.wikidata.org/entity/Q117207558,eyewear straps & chain,8204
http://www.wikidata.org/entity/Q117209206,motorcycle storage cover,8313
http://www.wikidata.org/entity/Q6488055,lap desk,8499
http://www.wikidata.org/entity/Q116970582,motor vehicle electronic,8526
http://www.wikidata.org/entity/Q9798,saxophone,91
http://www.wikidata.org/entity/Q117208304,desk organizer,939
http://www.wikidata.org/entity/Q69158,craie de cire,979
http://www.wikidata.org/entity/Q506,fleur,984
http://www.wikidata.org/entity/Q116970708,camp furniture,1014
http://www.wikidata.org/entity/Q117208845,camping lights & lantern,1019
http://www.wikidata.org/entity/Q117208950,fishing lines & leader,1037
http://www.wikidata.org/entity/Q117208608,team handball product,1047
http://www.wikidata.org/entity/Q117208468,basketball product,1081
http://www.wikidata.org/entity/Q117208434,american football,1093
http://www.wikidata.org/entity/Q117208453,american football product,1094
http://www.wikidata.org/entity/Q927924,ballon de volley-ball,1116
http://www.wikidata.org/entity/Q2340412,combinaison étanche,1138
http://www.wikidata.org/entity/Q117208772,diving & snorkeling fin,1139
http://www.wikidata.org/entity/Q117208810,water skiing,1146
http://www.wikidata.org/entity/Q1421844,Tréteau,1201
http://www.wikidata.org/entity/Q116971269,polishers & buffer,1225
http://www.wikidata.org/entity/Q190672,extincteur,1434
http://www.wikidata.org/entity/Q1601541,HVAC control system,1519
http://www.wikidata.org/entity/Q5474505,foundation garment,1578
http://www.wikidata.org/entity/Q117207356,optic accessory,160
http://www.wikidata.org/entity/Q387295,machine à affranchir,1708
http://www.wikidata.org/entity/Q21369154,accessoire de coiffure,171
http://www.wikidata.org/entity/Q116971437,lawn & garden sprayer,1967
http://www.wikidata.org/entity/Q116970955,phone & data jack,2028
http://www.wikidata.org/entity/Q116970628,bathroom vanity,2081
http://www.wikidata.org/entity/Q27135032,ballon d'eau chaude,2175
http://www.wikidata.org/entity/Q192249,selle,2210
http://www.wikidata.org/entity/Q13266,cookie,2229
http://www.wikidata.org/entity/Q116960185,chef's jacket,2396
http://www.wikidata.org/entity/Q116971033,flashlight accessory,2447
http://www.wikidata.org/entity/Q2918312,Vocabulaire radio professionnel,2471
http://www.wikidata.org/entity/Q117207382,darkroom timer,2543
http://www.wikidata.org/entity/Q17051441,cookie jar,2644
http://www.wikidata.org/entity/Q116970614,mattress foundation,2720
http://www.wikidata.org/entity/Q117209213,vehicle decal,2722
http://www.wikidata.org/entity/Q116970430,power,275
http://www.wikidata.org/entity/Q3253281,mare,2763
http://www.wikidata.org/entity/Q117209255,vehicle performance additive,2770
http://www.wikidata.org/entity/Q68,ordinateur,278
http://www.wikidata.org/entity/Q413152,mousse à raser,2971
http://www.wikidata.org/entity/Q853185,barbecue,2985
http://www.wikidata.org/entity/Q117207383,focusing aid,3029
http://www.wikidata.org/entity/Q116970384,mice & trackball,304
http://www.wikidata.org/entity/Q518968,bain de bouche,3040
http://www.wikidata.org/entity/Q5275430,diffuseur,3056
http://www.wikidata.org/entity/Q116960311,bicycle cleat,3118
http://www.wikidata.org/entity/Q5325,bobine d'inductance,3121
http://www.wikidata.org/entity/Q117208538,lacrosse stick part,3336
http://www.wikidata.org/entity/Q183731,carte mémoire,3387
http://www.wikidata.org/entity/Q116961239,beer pong table,3440
http://www.wikidata.org/entity/Q117208760,whitewater raft,3476
http://www.wikidata.org/entity/Q5159079,scie à béton,3516
http://www.wikidata.org/entity/Q117208455,baseball & softball bases & plate,3544
http://www.wikidata.org/entity/Q79757,baromètre,3602
http://www.wikidata.org/entity/Q208040,tronçonneuse,3610
http://www.wikidata.org/entity/Q117208617,tennis racquet bag,3638
http://www.wikidata.org/entity/Q117208725,foosball ball,3641
http://www.wikidata.org/entity/Q116961035,guitar stand,3646
http://www.wikidata.org/entity/Q117209416,watercraft fuel tanks & part,3648
http://www.wikidata.org/entity/Q117208461,baseball & softball batting helmet,3668
http://www.wikidata.org/entity/Q117207949,outdoor grill accessory,3684
http://www.wikidata.org/entity/Q98280202,Sac pour boule de quilles,3698
http://www.wikidata.org/entity/Q2739293,arc classique,3715
http://www.wikidata.org/entity/Q117208873,bicycle bells & horn,3879
http://www.wikidata.org/entity/Q116037425,hockey toy,3943
http://www.wikidata.org/entity/Q117208537,lacrosse goal,3970
http://www.wikidata.org/entity/Q117208213,sauna product,3992
http://www.wikidata.org/entity/Q116960520,decorative stamp,4032
http://www.wikidata.org/entity/Q3244962,revue pornographique,4060
http://www.wikidata.org/entity/Q117208179,beach towel,4126
http://www.wikidata.org/entity/Q930133,pupitre de musique,4142
http://www.wikidata.org/entity/Q4385090,bottle cage,4145
http://www.wikidata.org/entity/Q116971373,decorative nutcracker,4214
http://www.wikidata.org/entity/Q279520,tue-mouches,4220
http://www.wikidata.org/entity/Q81714,boîte de Petri,4276
http://www.wikidata.org/entity/Q117208180,parasols & rain umbrella,4358
http://www.wikidata.org/entity/Q1474480,Scanner radio,4415
http://www.wikidata.org/entity/Q117207888,cookware accessory,4424
http://www.wikidata.org/entity/Q117207882,paella pan,4459
http://www.wikidata.org/entity/Q117208982,golf towel,4467
http://www.wikidata.org/entity/Q116970705,furniture anchor,4491
http://www.wikidata.org/entity/Q117208970,golf bag covers & case,4525
http://www.wikidata.org/entity/Q116970556,projection screen stand,4570
http://www.wikidata.org/entity/Q116970953,generator accessory,4709
http://www.wikidata.org/entity/Q5159627,confiserie,4748
http://www.wikidata.org/entity/Q2902462,bigoudi,488
http://www.wikidata.org/entity/Q6584340,sirop,4943
http://www.wikidata.org/entity/Q73466793,moniteur de pression sanguine,495
http://www.wikidata.org/entity/Q117209063,pickleball paddle,499848
http://www.wikidata.org/entity/Q621414,thermomètre médical,501
http://www.wikidata.org/entity/Q116961240,drinking straws & stirrer,5043
http://www.wikidata.org/entity/Q379138,fudge,5054
http://www.wikidata.org/entity/Q116036895,concession food container,5102
http://www.wikidata.org/entity/Q116960511,craft knife,5136
http://www.wikidata.org/entity/Q535923,séchoir à main,5141
http://www.wikidata.org/entity/Q117207997,frozen drink maker,5156
http://www.wikidata.org/entity/Q116220926,hot & cold therapy product,516
http://www.wikidata.org/entity/Q134205,brosse à dents,527
http://www.wikidata.org/entity/Q1917279,Flour sifter,5370
http://www.wikidata.org/entity/Q1343262,portage d'enfants,538
http://www.wikidata.org/entity/Q116961352,baby safety rail,544
http://www.wikidata.org/entity/Q3407440,routeur sans fil,5497
http://www.wikidata.org/entity/Q116970857,bathtub skirt,5508
http://www.wikidata.org/entity/Q116961357,baby bouncers & rocker,555
http://www.wikidata.org/entity/Q2453714,soda maker,5577
http://www.wikidata.org/entity/Q117208776,kitesurfing product,5579
http://www.wikidata.org/entity/Q117208778,kiteboard part,5581
http://www.wikidata.org/entity/Q116971257,multifunction power tool,5587
http://www.wikidata.org/entity/Q116960876,musical instrument amplifier,56
http://www.wikidata.org/entity/Q116961358,baby jumpers & swing,560
http://www.wikidata.org/entity/Q117208227,luggage tag,5651
http://www.wikidata.org/entity/Q825501,obi,5687
http://www.wikidata.org/entity/Q14674,crayon,6068
http://www.wikidata.org/entity/Q117208089,tow-behind mower,6258
http://www.wikidata.org/entity/Q111423549,onglier,6300
http://www.wikidata.org/entity/Q116971030,drill bit sharpener,6378
http://www.wikidata.org/entity/Q775674,pelle à tarte,6408
http://www.wikidata.org/entity/Q116971364,electric knife replacement blade,6412
http://www.wikidata.org/entity/Q117208056,landscape fabric tape,6421
http://www.wikidata.org/entity/Q116037355,toy abacus,6466
http://www.wikidata.org/entity/Q29526,kaki,6672
http://www.wikidata.org/entity/Q117208503,linesman flag,6731
http://www.wikidata.org/entity/Q348947,sauce tartare,6783
http://www.wikidata.org/entity/Q37828,réfrigérateur,686
http://www.wikidata.org/entity/Q34980,Tourne-montre,6870
http://www.wikidata.org/entity/Q212254,compost,690
http://www.wikidata.org/entity/Q116970681,outdoor furniture accessory,6963
http://www.wikidata.org/entity/Q117207410,brackets & reinforcement brace,7092
http://www.wikidata.org/entity/Q190052,pluviomètre,710
http://www.wikidata.org/entity/Q117208485,grappling dummy,7116
http://www.wikidata.org/entity/Q117208366,marker & highlighter ink refill,7117
http://www.wikidata.org/entity/Q7963205,wallpaper steamer,7121
http://www.wikidata.org/entity/Q116958084,pet bowl mat,7143
http://www.wikidata.org/entity/Q116961170,hand percussion,7285
http://www.wikidata.org/entity/Q116958114,pet nail tool,7319
http://www.wikidata.org/entity/Q116961589,open & closed sign,7323
http://www.wikidata.org/entity/Q117208236,erotic dvds & video,776
http://www.wikidata.org/entity/Q117208263,media product,783
http://www.wikidata.org/entity/Q116958201,pet waste bag,8070
http://www.wikidata.org/entity/Q116961430,nursing pillow cover,8075
http://www.wikidata.org/entity/Q116961829,mobile phone camera accessory,8111
http://www.wikidata.org/entity/Q116960278,costume glove,8200
http://www.wikidata.org/entity/Q244909,presse-papier,935
http://www.wikidata.org/entity/Q235585,tableau noir,965
http://www.wikidata.org/entity/Q117208729,ping pong product,1008
http://www.wikidata.org/entity/Q117208748,loisirs de plein air,1011
http://www.wikidata.org/entity/Q117208854,portable water filters & purifier,1023
http://www.wikidata.org/entity/Q116037135,auto racing fan accessory,1051
http://www.wikidata.org/entity/Q117208457,baseball & softball gloves & mitt,1076
http://www.wikidata.org/entity/Q12252328,ballon de football,1112
http://www.wikidata.org/entity/Q117208773,diving & snorkeling mask,1140
http://www.wikidata.org/entity/Q117208819,windsurfing product,1148
http://www.wikidata.org/entity/Q104363,enclume,1169
http://www.wikidata.org/entity/Q117208140,sprinkler control,1302
http://www.wikidata.org/entity/Q116970863,plumbing trap,1319
http://www.wikidata.org/entity/Q116970484,bridges & router,1350
http://www.wikidata.org/entity/Q211584,distributeur automatique,137
http://www.wikidata.org/entity/Q3324534,mortaiseuse à bois,1465
http://www.wikidata.org/entity/Q116961241,envelope seal,1484
http://www.wikidata.org/entity/Q507619,chaîne de magasins,1492
http://www.wikidata.org/entity/Q117208334,cover paper,1513
http://www.wikidata.org/entity/Q1452217,tailleur,1516
http://www.wikidata.org/entity/Q2160801,jupe,1581
http://www.wikidata.org/entity/Q117208384,paperweight,1803
http://www.wikidata.org/entity/Q116960106,baby & toddler clothing,182
http://www.wikidata.org/entity/Q14952,couvre-chef,1922
http://www.wikidata.org/entity/Q116960297,accessoire de chaussure,1933
http://www.wikidata.org/entity/Q13317,yaourt,1954
http://www.wikidata.org/entity/Q116970816,roof flashing,2008
http://www.wikidata.org/entity/Q117207569,robe hook,2034
http://www.wikidata.org/entity/Q116971260,paint tool,2077
http://www.wikidata.org/entity/Q117207320,camera & optic accessory,2096
http://www.wikidata.org/entity/Q117207374,developing & processing equipment,2234
http://www.wikidata.org/entity/Q116970917,water leveler,2243
http://www.wikidata.org/entity/Q1358666,radiocassette,225
http://www.wikidata.org/entity/Q1809623,fontaine d'eau fraîche,2343
http://www.wikidata.org/entity/Q5422874,lunettes et lentilles,2521
http://www.wikidata.org/entity/Q4576564,adaptateur,258
http://www.wikidata.org/entity/Q11024,communication,262
http://www.wikidata.org/entity/Q116221766,maquillage pour les lèvres,2645
http://www.wikidata.org/entity/Q116971196,tile & shingle cutter,2726
http://www.wikidata.org/entity/Q3966,matériel informatique,279
http://www.wikidata.org/entity/Q27186369,CPU cooler,295
http://www.wikidata.org/entity/Q116221585,nail tool,2975
http://www.wikidata.org/entity/Q1392759,lint remover,3080
http://www.wikidata.org/entity/Q1033584,élevage des fourmis,3088
http://www.wikidata.org/entity/Q117208963,live bait,3096
http://www.wikidata.org/entity/Q116037384,pretend professions & role playing toy,3129
http://www.wikidata.org/entity/Q117209003,hunting product,3136
http://www.wikidata.org/entity/Q116960092,bicycle shorts & brief,3188
http://www.wikidata.org/entity/Q284523,baudrier d'escalade,3218
http://www.wikidata.org/entity/Q117208705,air hockey table,3245
http://www.wikidata.org/entity/Q56155,ordinateur de bureau,325
http://www.wikidata.org/entity/Q1072897,jerky,3284
http://www.wikidata.org/entity/Q117208977,fishing product,3334
http://www.wikidata.org/entity/Q117208814,water ski,3350
http://www.wikidata.org/entity/Q116970643,folding chairs & stool,3358
http://www.wikidata.org/entity/Q117208541,lacrosse stick shaft,3423
http://www.wikidata.org/entity/Q148558,bride,3426
http://www.wikidata.org/entity/Q117209390,watercraft carburetors & part,3463
http://www.wikidata.org/entity/Q1228822,disque,3478
http://www.wikidata.org/entity/Q557270,guindeau,3480
http://www.wikidata.org/entity/Q117208718,billiard table cloth,3547
http://www.wikidata.org/entity/Q117208746,dartboard,3559
http://www.wikidata.org/entity/Q117208136,watering & irrigation,3568
http://www.wikidata.org/entity/Q3699219,bonnet de water-polo,3575
http://www.wikidata.org/entity/Q117209015,hunting & wildlife decoy,3583
http://www.wikidata.org/entity/Q11656,diode,3632
http://www.wikidata.org/entity/Q116961806,circuit boards & component,3702
http://www.wikidata.org/entity/Q1140722,jeu à boire,3735
http://www.wikidata.org/entity/Q117209394,watercraft ignition part,3743
http://www.wikidata.org/entity/Q117208456,baseball & softball batting glove,3747
http://www.wikidata.org/entity/Q222560,carquois,3757
http://www.wikidata.org/entity/Q116970475,gps case,3781
http://www.wikidata.org/entity/Q117209055,deck shuffleboard,3787
http://www.wikidata.org/entity/Q115923031,outdoor power equipment,3798
http://www.wikidata.org/entity/Q644503,lacrosse stick,3817
http://www.wikidata.org/entity/Q116960192,american football uniform,3888
http://www.wikidata.org/entity/Q311666,projecteur,396
http://www.wikidata.org/entity/Q117208451,american football training equipment,3998
http://www.wikidata.org/entity/Q117208975,golf club headcover,4043
http://www.wikidata.org/entity/Q300965,pH-mètre,4074
http://www.wikidata.org/entity/Q117207545,sleeping aid,4076
http://www.wikidata.org/entity/Q5464307,table pliante,4080
http://www.wikidata.org/entity/Q7556928,guitar pick,4111
http://www.wikidata.org/entity/Q1752914,longue-vue,4136
http://www.wikidata.org/entity/Q44,bière,414
http://www.wikidata.org/entity/Q2095,nourriture,422
http://www.wikidata.org/entity/Q106763370,masque de nuit,4313
http://www.wikidata.org/entity/Q116037094,autographed sports paraphernalia,4333
http://www.wikidata.org/entity/Q117207564,bath pillow,4366
http://www.wikidata.org/entity/Q116970620,buffets & sideboard,447
http://www.wikidata.org/entity/Q115634369,microscope accessory,4555
http://www.wikidata.org/entity/Q192935,produit de la mer,4629
http://www.wikidata.org/entity/Q117207804,ironing board pads & cover,4656
http://www.wikidata.org/entity/Q117207415,cabinet knobs & handle,4700
http://www.wikidata.org/entity/Q116971254,uv light meter,4758
http://www.wikidata.org/entity/Q116960408,drawing & painting kit,4778
http://www.wikidata.org/entity/Q116961140,saxophone part,4856
http://www.wikidata.org/entity/Q116221433,back care product,493
http://www.wikidata.org/entity/Q117207573,soap & lotion dispenser,4971
http://www.wikidata.org/entity/Q116960416,toy craft kit,4986
http://www.wikidata.org/entity/Q471236,nourriture pour oiseaux,4990
http://www.wikidata.org/entity/Q116037350,educational flash card,500015
http://www.wikidata.org/entity/Q117207458,well pumps & system,500100
http://www.wikidata.org/entity/Q116971396,straw holders & dispenser,5059
http://www.wikidata.org/entity/Q178541,gant médical,511
http://www.wikidata.org/entity/Q116221300,walking aid,5164
http://www.wikidata.org/entity/Q117207533,electric razor accessory,531
http://www.wikidata.org/entity/Q116960115,baby & toddler swimwear,5409
http://www.wikidata.org/entity/Q797895,babyphone,541
http://www.wikidata.org/entity/Q116961397,diaper pail,550
http://www.wikidata.org/entity/Q65007050,station de mesure de qualité de l'air,5515
http://www.wikidata.org/entity/Q116971167,tool socket,5571
http://www.wikidata.org/entity/Q116960222,baby & toddler hat,5625
http://www.wikidata.org/entity/Q116961390,changing mat,5628
http://www.wikidata.org/entity/Q116970893,toilet tank cover,5666
http://www.wikidata.org/entity/Q116961410,baby cereal,5721
http://www.wikidata.org/entity/Q12888135,bougie,588
http://www.wikidata.org/entity/Q117208604,soccer goal accessory,6055
http://www.wikidata.org/entity/Q66615555,mortier à fard,6069
http://www.wikidata.org/entity/Q117209291,motorcycle alarms & lock,6083
http://www.wikidata.org/entity/Q117208073,canopy & gazebo top,6108
http://www.wikidata.org/entity/Q116960551,weaving beater,6167
http://www.wikidata.org/entity/Q116220932,nutrition gels & chews,6242
http://www.wikidata.org/entity/Q117207589,artificial food,6266
http://www.wikidata.org/entity/Q116961958,keyboard & mouse wrist rest,6291
http://www.wikidata.org/entity/Q6485096,Landscape fabric,6381
http://www.wikidata.org/entity/Q1719645,chemin de câbles,6402
http://www.wikidata.org/entity/Q117207862,baking & cookie sheet,641
http://www.wikidata.org/entity/Q117208058,plant stand,6428
http://www.wikidata.org/entity/Q117207993,chafing dish,6548
http://www.wikidata.org/entity/Q117207875,casserole dish,655
http://www.wikidata.org/entity/Q1093742,citron,6636
http://www.wikidata.org/entity/Q117207752,garage door keypads & remote,6741
http://www.wikidata.org/entity/Q117208203,"pool ladders, steps & ramp",6766
http://www.wikidata.org/entity/Q186263,lave-vaisselle,680
http://www.wikidata.org/entity/Q117207566,bathroom accessory set,6858
http://www.wikidata.org/entity/Q48885552,tabletop,6910
http://www.wikidata.org/entity/Q117208561,ice skate blade,7000
http://www.wikidata.org/entity/Q116037311,yo-yo parts & accessory,7148
http://www.wikidata.org/entity/Q1462000,Makisu,7247
http://www.wikidata.org/entity/Q117207820,moisture absorber,7406
http://www.wikidata.org/entity/Q117207784,stainless steel cleaners & polish,7426
http://www.wikidata.org/entity/Q116970387,laptop replacement cable,7501
http://www.wikidata.org/entity/Q127956,four à micro-ondes,753
http://www.wikidata.org/entity/Q117208120,grass edger attachment,7564
http://www.wikidata.org/entity/Q116961511,industrial storage accessory,8025
http://www.wikidata.org/entity/Q116221363,specimen cup,8082
http://www.wikidata.org/entity/Q117209332,vehicle ski & snowboard rack accessory,8086
http://www.wikidata.org/entity/Q116970359,e-book reader screens & screen digitizer,8163
http://www.wikidata.org/entity/Q116970588,motor vehicle equalizers & crossover,894
http://www.wikidata.org/entity/Q930654,détecteur de radar routier,912
http://www.wikidata.org/entity/Q166849,loupe,941
http://www.wikidata.org/entity/Q117208335,notebooks & notepad,961
http://www.wikidata.org/entity/Q5282635,Display board,966
http://www.wikidata.org/entity/Q147690,bâton de craie,978
http://www.wikidata.org/entity/Q2292640,bâton de ski,1157
http://www.wikidata.org/entity/Q58964,perceuse,1217
http://www.wikidata.org/entity/Q4349682,maisonnette de jeu,1251
http://www.wikidata.org/entity/Q1142501,tarière,1367
http://www.wikidata.org/entity/Q116970860,drain frame,1514
http://www.wikidata.org/entity/Q115619194,herbs and spices,1529
http://www.wikidata.org/entity/Q811701,série de construction,1555
http://www.wikidata.org/entity/Q117207704,fire extinguisher & equipment storage,1639
http://www.wikidata.org/entity/Q187833,tour,1663
http://www.wikidata.org/entity/Q1541597,mémorie video,1767
http://www.wikidata.org/entity/Q105870552,compas,1850
http://www.wikidata.org/entity/Q2251745,produit boulanger,1876
http://www.wikidata.org/entity/Q116970434,cordless phone battery,1880
http://www.wikidata.org/entity/Q116970551,video accessory,2027
http://www.wikidata.org/entity/Q116961764,effects processor,247
http://www.wikidata.org/entity/Q951808,Lampe inactinique,2600
http://www.wikidata.org/entity/Q116961852,video conferencing product,274
http://www.wikidata.org/entity/Q117207462,vents & flue,2766
http://www.wikidata.org/entity/Q117207624,home decor decal,3221
http://www.wikidata.org/entity/Q117207919,coffee decanter,3239
http://www.wikidata.org/entity/Q653015,arc à poulies,3332
http://www.wikidata.org/entity/Q117208759,row boat,3406
http://www.wikidata.org/entity/Q116037370,toy airplane,3444
http://www.wikidata.org/entity/Q117209334,motor vehicle carrying rack,3472
http://www.wikidata.org/entity/Q117209058,disc golf,3484
http://www.wikidata.org/entity/Q2282074,scie alternative,3494
http://www.wikidata.org/entity/Q1514872,post hole digger,3501
http://www.wikidata.org/entity/Q116037431,visual toy,3562
http://www.wikidata.org/entity/Q117207582,security monitors & recorder,364
http://www.wikidata.org/entity/Q117208973,golf club parts & accessory,3642
http://www.wikidata.org/entity/Q116970995,tool accessory,3650
http://www.wikidata.org/entity/Q180681,Matelas gonflable,3695
http://www.wikidata.org/entity/Q5185057,cricket whites,3724
http://www.wikidata.org/entity/Q117207584,security safe,3819
http://www.wikidata.org/entity/Q18991396,horloge murale,3840
http://www.wikidata.org/entity/Q117208992,archery target,3883
http://www.wikidata.org/entity/Q3180027,boucle de ceinture,3913
http://www.wikidata.org/entity/Q116037348,bug collecting kit,3928
http://www.wikidata.org/entity/Q116960088,american football pant,3951
http://www.wikidata.org/entity/Q174334,Platine Labdec,4010
http://www.wikidata.org/entity/Q116970386,laptop housings & trim,4270
http://www.wikidata.org/entity/Q117208320,address label,4377
http://www.wikidata.org/entity/Q117207989,food cookers & steamer,4532
http://www.wikidata.org/entity/Q117207944,ice cream maker freezer bowl,4675
http://www.wikidata.org/entity/Q189085,pastel,4752
http://www.wikidata.org/entity/Q183173,hygromètre,4754
http://www.wikidata.org/entity/Q116971429,spice grinder,4762
http://www.wikidata.org/entity/Q117207861,bakeware set,4764
http://www.wikidata.org/entity/Q116961420,baby care timer,4768
http://www.wikidata.org/entity/Q116961054,bassoon care & cleaning,4809
http://www.wikidata.org/entity/Q116961061,support de basson,4813
http://www.wikidata.org/entity/Q15004,sèche-cheveux,490
http://www.wikidata.org/entity/Q115633690,medical product,491
http://www.wikidata.org/entity/Q496696,lait en poudre,500093
http://www.wikidata.org/entity/Q7571990,soy milk maker,5057
http://www.wikidata.org/entity/Q116971426,sink mats & grid,5080
http://www.wikidata.org/entity/Q1386008,bracelet de montre,5123
http://www.wikidata.org/entity/Q116221216,medicine & drug,518
http://www.wikidata.org/entity/Q4466023,travel gear,5181
http://www.wikidata.org/entity/Q116221276,accessibility equipment accessory,521
http://www.wikidata.org/entity/Q117208009,toasters & grill,5289
http://www.wikidata.org/entity/Q117207541,razors & razor blade,534
http://www.wikidata.org/entity/Q4189109,Shoe covers,5385
http://www.wikidata.org/entity/Q13406996,camera strap,5429
http://www.wikidata.org/entity/Q116971049,measuring tool & sensor accessory,5526
http://www.wikidata.org/entity/Q117208228,packing organizer,5620
http://www.wikidata.org/entity/Q775874,tabi,5685
http://www.wikidata.org/entity/Q117207586,address sign,572
http://www.wikidata.org/entity/Q98103940,fruits en conserve,5799
http://www.wikidata.org/entity/Q116970707,furniture cleaners & polish,5825
http://www.wikidata.org/entity/Q111665205,Wooden acupuncture model,5850
http://www.wikidata.org/entity/Q7227622,poncho liner,5912
http://www.wikidata.org/entity/Q1317521,Poupées traditionnelles japonaises,5930
http://www.wikidata.org/entity/Q860792,cadre,597
http://www.wikidata.org/entity/Q4521739,Hand sewing needles,5992
http://www.wikidata.org/entity/Q4494768,highlighter,6304
http://www.wikidata.org/entity/Q117208579,stadium seats & cushion,6344
http://www.wikidata.org/entity/Q116960451,fusible tape,6418
http://www.wikidata.org/entity/Q116971355,colanders & strainer,653
http://www.wikidata.org/entity/Q117207665,holiday ornament displays & stand,6532
http://www.wikidata.org/entity/Q116960439,paint medium,6558
http://www.wikidata.org/entity/Q617239,planche à découper,666
http://www.wikidata.org/entity/Q12330939,papaye,6661
http://www.wikidata.org/entity/Q182995,cuisinière,685
http://www.wikidata.org/entity/Q116221282,walking aid accessory,6929
http://www.wikidata.org/entity/Q371452,bain d'oiseau,697
http://www.wikidata.org/entity/Q514467,gressin,7159
http://www.wikidata.org/entity/Q1413512,heat detector,7227
http://www.wikidata.org/entity/Q116970900,shower stalls & kit,7244
http://www.wikidata.org/entity/Q642345,mijoteuse,737
http://www.wikidata.org/entity/Q117207990,egg cooker,739
http://www.wikidata.org/entity/Q116960489,wick tab,7403
http://www.wikidata.org/entity/Q117207426,flagging & caution tape,7557
http://www.wikidata.org/entity/Q116960283,pretend jewelry,8018
http://www.wikidata.org/entity/Q117207774,fabric & upholstery cleaner,8043
http://www.wikidata.org/entity/Q117209013,cover scents & scent attractant,8080
http://www.wikidata.org/entity/Q116221639,skin cleansing brush head,8132
http://www.wikidata.org/entity/Q116970878,bathtub & shower jet,8320
http://www.wikidata.org/entity/Q1409790,vehicle seat belt buckle,8477
http://www.wikidata.org/entity/Q116221330,electrical muscle stimulator,8541
http://www.wikidata.org/entity/Q2316300,label  embosser,952
http://www.wikidata.org/entity/Q117208401,packing material,974
http://www.wikidata.org/entity/Q14674,crayon,981
http://www.wikidata.org/entity/Q165447,stylo,982
http://www.wikidata.org/entity/Q117208702,indoor game product,1001
http://www.wikidata.org/entity/Q165302,Air Hockey,1002
http://www.wikidata.org/entity/Q1976332,glacière,1017
http://www.wikidata.org/entity/Q116037138,baseball & softball fan accessory,1074
http://www.wikidata.org/entity/Q117208511,cricket,1087
http://www.wikidata.org/entity/Q117208222,luggage accessory,110
http://www.wikidata.org/entity/Q893191,Porte-à-flot,1133
http://www.wikidata.org/entity/Q204984,rapporteur,1198
http://www.wikidata.org/entity/Q35473,fenêtre,124
http://www.wikidata.org/entity/Q116961365,play mats & gym,1243
http://www.wikidata.org/entity/Q174219,peinture,1361
http://www.wikidata.org/entity/Q116971243,straight edge,1413
http://www.wikidata.org/entity/Q116970866,faucet accessory,1489
http://www.wikidata.org/entity/Q614806,complet,1594
http://www.wikidata.org/entity/Q116970432,camera battery,1722
http://www.wikidata.org/entity/Q234901,fruit séché,1755
http://www.wikidata.org/entity/Q211003,cagoule,1786
http://www.wikidata.org/entity/Q250840,tuyère,2068
http://www.wikidata.org/entity/Q116970965,wire caps & nut,2274
http://www.wikidata.org/entity/Q697434,baladeur numérique,233
http://www.wikidata.org/entity/Q1419038,cosmétique nettoyant,2526
http://www.wikidata.org/entity/Q9706,ballon,2587
http://www.wikidata.org/entity/Q117209215,vehicle display flag,2652
http://www.wikidata.org/entity/Q99895,oreiller,2700
http://www.wikidata.org/entity/Q117209195,vehicle glass cleaner,2846
http://www.wikidata.org/entity/Q4321,carte mère,289
http://www.wikidata.org/entity/Q1699821,barre énergétique,2984
http://www.wikidata.org/entity/Q3962,ordinateur portable,328
http://www.wikidata.org/entity/Q117208439,american football girdle,3510
http://www.wikidata.org/entity/Q117209375,dock cleat,3572
http://www.wikidata.org/entity/Q6815712,lecteur de carte mémoire,3580
http://www.wikidata.org/entity/Q4339908,boat hook,3655
http://www.wikidata.org/entity/Q116037381,pretend electronic toy,3659
http://www.wikidata.org/entity/Q117208589,racquetball racquet,3714
http://www.wikidata.org/entity/Q117208892,bicycle brake part,3740
http://www.wikidata.org/entity/Q117208139,sprinkler accessory,3780
http://www.wikidata.org/entity/Q791187,balle de baseball,3783
http://www.wikidata.org/entity/Q3892696,ballon de water-polo,3794
http://www.wikidata.org/entity/Q577263,batte de cricket,3815
http://www.wikidata.org/entity/Q117208621,tennis racquet string,3922
http://www.wikidata.org/entity/Q117209385,watercraft polish,3955
http://www.wikidata.org/entity/Q10752679,beurre de noix,3965
http://www.wikidata.org/entity/Q482816,parachute,4023
http://www.wikidata.org/entity/Q117209351,motor vehicle trailer,4027
http://www.wikidata.org/entity/Q1945033,longue-vue,4164
http://www.wikidata.org/entity/Q116037100,auto racing autographed paraphernalia,4180
http://www.wikidata.org/entity/Q117207363,thermal optic accessory,4274
http://www.wikidata.org/entity/Q117208987,hang glider,4327
http://www.wikidata.org/entity/Q117207894,wok accessory,4427
http://www.wikidata.org/entity/Q17068547,alèse,4452
http://www.wikidata.org/entity/Q106763374,Waste containment,4516
http://www.wikidata.org/entity/Q16701346,rayon de vélo,4600
http://www.wikidata.org/entity/Q117208919,bicycle wheel rim,4602
http://www.wikidata.org/entity/Q117208108,lawn mower blade,4641
http://www.wikidata.org/entity/Q116971168,tool stand,4658
http://www.wikidata.org/entity/Q107194023,massager,471
http://www.wikidata.org/entity/Q116221439,bath & body product,474
http://www.wikidata.org/entity/Q117207507,hair loss treatment,4766
http://www.wikidata.org/entity/Q116221831,perfume & cologne,479
http://www.wikidata.org/entity/Q116961059,bassoon small part,4817
http://www.wikidata.org/entity/Q117208164,track lighting fixture,4932
http://www.wikidata.org/entity/Q10987,miel,4947
http://www.wikidata.org/entity/Q1420216,nourriture pour poisson d'aquarium,5024
http://www.wikidata.org/entity/Q117207402,lattice,502984
http://www.wikidata.org/entity/Q117208237,erotic food & edible,5055
http://www.wikidata.org/entity/Q117207725,steam press accessory,5160
http://www.wikidata.org/entity/Q116221057,incontinence aid,517
http://www.wikidata.org/entity/Q117208331,blank id card,5264
http://www.wikidata.org/entity/Q117208134,snow removal,5362
http://www.wikidata.org/entity/Q1076457,Éclateur,5380
http://www.wikidata.org/entity/Q54677937,fichier,5531
http://www.wikidata.org/entity/Q1163166,toboggan aquatique,5546
http://www.wikidata.org/entity/Q116960143,coats & jacket,5598
http://www.wikidata.org/entity/Q1762457,linge de lit,569
http://www.wikidata.org/entity/Q29655523,tenue de cycliste,5697
http://www.wikidata.org/entity/Q13360264,tourte,5749
http://www.wikidata.org/entity/Q21972877,pomme de douche,581
http://www.wikidata.org/entity/Q998891,serre-livre,587
http://www.wikidata.org/entity/Q117207484,toners & astringent,5976
http://www.wikidata.org/entity/Q2090202,Crochet,6127
http://www.wikidata.org/entity/Q117208348,book cart,6182
http://www.wikidata.org/entity/Q3695900,couenne,6194
http://www.wikidata.org/entity/Q555747,gâteau au café,6196
http://www.wikidata.org/entity/Q117208671,foam roller accessory,6337
http://www.wikidata.org/entity/Q1576384,panier à linge,634
http://www.wikidata.org/entity/Q26037047,équipement culinaire,638
http://www.wikidata.org/entity/Q117209147,play sprinker,6465
http://www.wikidata.org/entity/Q117209277,motorcycle helmet parts & accessory,6493
http://www.wikidata.org/entity/Q116960288,"handbags, wallets & case",6551
http://www.wikidata.org/entity/Q104664711,brussels sprouts,6590
http://www.wikidata.org/entity/Q2835904,picnic basket,671
http://www.wikidata.org/entity/Q117207842,waste container cart,6765
http://www.wikidata.org/entity/Q117208556,hockey stick blade,6852
http://www.wikidata.org/entity/Q115618401,sauce au curry,6905
http://www.wikidata.org/entity/Q116970663,workstations & cubicle,6908
http://www.wikidata.org/entity/Q116971187,abrasive blaster,6938
http://www.wikidata.org/entity/Q117207855,cocktail & barware tool set,6957
http://www.wikidata.org/entity/Q116971320,hand tool set,6965
http://www.wikidata.org/entity/Q107196310,pruning saw,6967
http://www.wikidata.org/entity/Q116970589,motor vehicle parking camera,6968
http://www.wikidata.org/entity/Q116971430,sugar dispenser,6974
http://www.wikidata.org/entity/Q116961513,conveyor,6988
http://www.wikidata.org/entity/Q116960887,bass drum beater,7103
http://www.wikidata.org/entity/Q117208592,rounders glove,7157
http://www.wikidata.org/entity/Q116221542,double eyelid glue & tape,7356
http://www.wikidata.org/entity/Q117208150,landscape pathway lighting,7400
http://www.wikidata.org/entity/Q117207786,washing machine cleaner,7462
http://www.wikidata.org/entity/Q942818,lubrifiant intime,777
http://www.wikidata.org/entity/Q117208234,erotic book,779
http://www.wikidata.org/entity/Q116971025,nibbler dye,8118
http://www.wikidata.org/entity/Q116221702,face primer,8218
http://www.wikidata.org/entity/Q116960870,musical instrument amplifier covers & case,8461
http://www.wikidata.org/entity/Q116958086,pet bowl stand,8513
http://www.wikidata.org/entity/Q116961380,baby transport liners & sack,8537
http://www.wikidata.org/entity/Q46335,machine à écrire,955
http://www.wikidata.org/entity/Q13426746,carte d'affaires,957
http://www.wikidata.org/entity/Q117208319,labels & tag,960
http://www.wikidata.org/entity/Q1463093,ballon de Klein,993
http://www.wikidata.org/entity/Q13681,pied-de-biche,1179
http://www.wikidata.org/entity/Q1282265,outil de tailleur de pierre,1193
http://www.wikidata.org/entity/Q116037365,musical toy,1264
http://www.wikidata.org/entity/Q2981904,circuit inducteur,1318
http://www.wikidata.org/entity/Q188734,doline,1687
http://www.wikidata.org/entity/Q116971279,tap reseater,1787
http://www.wikidata.org/entity/Q116961875,electronics component connector,1977
http://www.wikidata.org/entity/Q116166753,airsoft-related item,2443
http://www.wikidata.org/entity/Q116970853,plumbing valve,2466
http://www.wikidata.org/entity/Q976338,tampon hygiénique,2564
http://www.wikidata.org/entity/Q116961952,handheld device accessory,280
http://www.wikidata.org/entity/Q116971283,tool clamps & vise,2835
http://www.wikidata.org/entity/Q833823,gobelet,2951
http://www.wikidata.org/entity/Q116961960,laptop docking station,300
http://www.wikidata.org/entity/Q117208612,tennis ball hoppers & cart,3105
http://www.wikidata.org/entity/Q117209067,tetherball product,3126
http://www.wikidata.org/entity/Q3244029,baseball uniform,3191
http://www.wikidata.org/entity/Q117208723,bowling wrist support,3260
http://www.wikidata.org/entity/Q117209401,watercraft pistons & part,3277
http://www.wikidata.org/entity/Q117208522,fencing gloves & cuff,3366
http://www.wikidata.org/entity/Q117208733,ping pong paddles & set,3375
http://www.wikidata.org/entity/Q6554101,dispositif médical,3477
http://www.wikidata.org/entity/Q17240,motoneige,3549
http://www.wikidata.org/entity/Q116037341,doll & action figure accessory,3584
http://www.wikidata.org/entity/Q117208958,fishing baits & lure,3603
http://www.wikidata.org/entity/Q131536,boomerang,3675
http://www.wikidata.org/entity/Q98280197,bâton de balle molle,3679
http://www.wikidata.org/entity/Q116037392,toy tool,3751
http://www.wikidata.org/entity/Q116971343,baking peel,3768
http://www.wikidata.org/entity/Q162768,assistant personnel,3769
http://www.wikidata.org/entity/Q117208584,gymnastics ring,3774
http://www.wikidata.org/entity/Q7231400,portafilter,3838
http://www.wikidata.org/entity/Q144764,sécateur,3841
http://www.wikidata.org/entity/Q116970474,gps accessory,3895
http://www.wikidata.org/entity/Q117209377,dock step,3899
http://www.wikidata.org/entity/Q799666,raquette de badminton,3950
http://www.wikidata.org/entity/Q117207927,deep fryer accessory,3954
http://www.wikidata.org/entity/Q117208572,grip spray & chalk,3971
http://www.wikidata.org/entity/Q116971434,cultivating tool,4000
http://www.wikidata.org/entity/Q106763367,martial arts uniform,4003
http://www.wikidata.org/entity/Q7236656,power trowel,4132
http://www.wikidata.org/entity/Q7802,pain,424
http://www.wikidata.org/entity/Q116970617,vanity bench,4241
http://www.wikidata.org/entity/Q116970627,toy chest,4268
http://www.wikidata.org/entity/Q116961567,cash drawers & tray,4283
http://www.wikidata.org/entity/Q116971399,toothpick holders & dispenser,4322
http://www.wikidata.org/entity/Q15026,chaise,443
http://www.wikidata.org/entity/Q117208913,bicycle wheel part,4597
http://www.wikidata.org/entity/Q179678,L-glutamate monosodique,4610
http://www.wikidata.org/entity/Q61665121,orge,4687
http://www.wikidata.org/entity/Q116961053,bassoon accessory,4790
http://www.wikidata.org/entity/Q116958023,bird ladders & perch,4991
http://www.wikidata.org/entity/Q324963,onduleur,5142
http://www.wikidata.org/entity/Q116037368,toy train accessory,5153
http://www.wikidata.org/entity/Q116960119,jumpsuits & romper,5250
http://www.wikidata.org/entity/Q117208427,office application software,5303
http://www.wikidata.org/entity/Q117207483,tanning oil & lotion,5339
http://www.wikidata.org/entity/Q152862,calendrier de l'Avent,5359
http://www.wikidata.org/entity/Q116960095,boxing shorts,5378
http://www.wikidata.org/entity/Q187359,couche-culotte,551
http://www.wikidata.org/entity/Q117207358,optics bags & case,5545
http://www.wikidata.org/entity/Q116960221,baby & toddler gloves & mitten,5624
http://www.wikidata.org/entity/Q116960224,baby protective wear,5626
http://www.wikidata.org/entity/Q117208202,pool heater,5654
http://www.wikidata.org/entity/Q117207480,skin insect repellent,5820
http://www.wikidata.org/entity/Q3142840,huile parfumée,5847
http://www.wikidata.org/entity/Q121713,acupuncture,5849
http://www.wikidata.org/entity/Q17131134,shadow box,5922
http://www.wikidata.org/entity/Q117208216,smoking accessory,600
http://www.wikidata.org/entity/Q117207508,hair permanents & straightener,6052
http://www.wikidata.org/entity/Q116960472,embossing powder,6121
http://www.wikidata.org/entity/Q35808,bois de feu,625
http://www.wikidata.org/entity/Q116958123,pet leash extension,6253
http://www.wikidata.org/entity/Q117208127,pressure washer accessory,6328
http://www.wikidata.org/entity/Q117208055,landscape fabric staples & pin,6422
http://www.wikidata.org/entity/Q117208044,tureen stand,6426
http://www.wikidata.org/entity/Q116971341,cocktail shakers & tool,651
http://www.wikidata.org/entity/Q33669098,radish,6682
http://www.wikidata.org/entity/Q379747,Tamarillo,6692
http://www.wikidata.org/entity/Q117208315,recipe card box,6779
http://www.wikidata.org/entity/Q2131895,tondeuse robot,6788
http://www.wikidata.org/entity/Q2746643,figue,6810
http://www.wikidata.org/entity/Q115618416,ice cream syrup,6844
http://www.wikidata.org/entity/Q2137358,chaîne de pluie,709
http://www.wikidata.org/entity/Q117207698,fireplace reflector,7109
http://www.wikidata.org/entity/Q117207673,weather vanes & roof decor,712
http://www.wikidata.org/entity/Q117208959,fishing snaps & swivel,7222
http://www.wikidata.org/entity/Q5733109,Cache-cou,7230
http://www.wikidata.org/entity/Q3993544,toque blanche,7237
http://www.wikidata.org/entity/Q57583712,appareil de cuisson,730
http://www.wikidata.org/entity/Q1406758,épi de faîtage,7422
http://www.wikidata.org/entity/Q5358355,electronic drum module,7455
http://www.wikidata.org/entity/Q117208904,bicycle headset spacer,7479
http://www.wikidata.org/entity/Q117209222,vehicle magnet,7532
http://www.wikidata.org/entity/Q261501,grease gun,7556
http://www.wikidata.org/entity/Q116971448,vehicle repair & specialty tool,8236
http://www.wikidata.org/entity/Q117209207,recreational vehicle storage cover,8311
http://www.wikidata.org/entity/Q117209184,motor vehicle tire,911
http://www.wikidata.org/entity/Q117208386,presentation supply,964
http://www.wikidata.org/entity/Q756,plante,985
http://www.wikidata.org/entity/Q2000617,planche de neige,1164
http://www.wikidata.org/entity/Q1522170,coupe-verre,1182
http://www.wikidata.org/entity/Q116037337,"dolls, playsets & toy figure",1255
http://www.wikidata.org/entity/Q117207706,water & flood detector,1306
http://www.wikidata.org/entity/Q955957,bride,1694
http://www.wikidata.org/entity/Q1181944,Ventilateur de plafond,1700
http://www.wikidata.org/entity/Q116970918,well supply,1723
http://www.wikidata.org/entity/Q116970946,electrical mount boxes & bracket,2006
http://www.wikidata.org/entity/Q2342494,objet de collection,216
http://www.wikidata.org/entity/Q12408,pied à coulisse,2192
http://www.wikidata.org/entity/Q116970487,hubs & switch,2455
http://www.wikidata.org/entity/Q116971263,paint sprayer,2465
http://www.wikidata.org/entity/Q875981,lip liner,2589
http://www.wikidata.org/entity/Q25403900,ingrédient de cuisine,2660
http://www.wikidata.org/entity/Q116970901,kitchen & utility sink,2757
http://www.wikidata.org/entity/Q117209286,vehicle alarms & lock,2768
http://www.wikidata.org/entity/Q2011752,lens cover,2829
http://www.wikidata.org/entity/Q117207687,window blinds & shade,2885
http://www.wikidata.org/entity/Q117209191,car wash brush,2894
http://www.wikidata.org/entity/Q117208166,lighting accessory,2956
http://www.wikidata.org/entity/Q116221611,skin care tool,2958
http://www.wikidata.org/entity/Q117208707,billiard ball rack,3059
http://www.wikidata.org/entity/Q116961038,guitar tuning peg,3176
http://www.wikidata.org/entity/Q116037423,fitness toy,3199
http://www.wikidata.org/entity/Q117208993,arrow parts & accessory,3291
http://www.wikidata.org/entity/Q117209089,skateboarding pad,3488
http://www.wikidata.org/entity/Q12791,épée,3666
http://www.wikidata.org/entity/Q116961680,skee-ball machine,3681
http://www.wikidata.org/entity/Q5089361,cheerleading uniform,3683
http://www.wikidata.org/entity/Q117208879,bicycle fender,3719
http://www.wikidata.org/entity/Q116971284,tool file,3745
http://www.wikidata.org/entity/Q809910,batte de baseball,3790
http://www.wikidata.org/entity/Q868477,thermodurcissable,3800
http://www.wikidata.org/entity/Q1774271,Cordes de sport,3825
http://www.wikidata.org/entity/Q6141171,serviette en papier,3846
http://www.wikidata.org/entity/Q845399,Footbag,3909
http://www.wikidata.org/entity/Q116971440,camping tool,3937
http://www.wikidata.org/entity/Q116971026,drill & screwdriver accessory,3944
http://www.wikidata.org/entity/Q1152429,écran de projection,395
http://www.wikidata.org/entity/Q116961530,tattooing supply,4326
http://www.wikidata.org/entity/Q116970563,tv & monitor mount,4458
http://www.wikidata.org/entity/Q117208128,snow blower accessory,4567
http://www.wikidata.org/entity/Q116970804,home door,4634
http://www.wikidata.org/entity/Q117207627,incense holder,4741
http://www.wikidata.org/entity/Q116221525,bath & body gift set,475
http://www.wikidata.org/entity/Q116961153,woodwind reed case,4957
http://www.wikidata.org/entity/Q116970499,"printer, copier & fax machine accessory",502990
http://www.wikidata.org/entity/Q138754,icône,5034
http://www.wikidata.org/entity/Q117207945,ice crusher & shaver accessory,5042
http://www.wikidata.org/entity/Q1723004,Piège photographique,5402
http://www.wikidata.org/entity/Q116970471,signal booster,5473
http://www.wikidata.org/entity/Q117208323,label tapes & refill roll,5502
http://www.wikidata.org/entity/Q116970544,satellite & cable tv,5561
http://www.wikidata.org/entity/Q2941029,casier à bouteilles,5578
http://www.wikidata.org/entity/Q117209156,vehicle parts & accessory,5613
http://www.wikidata.org/entity/Q117207513,massage & relaxation,5663
http://www.wikidata.org/entity/Q849302,Yukata,5683
http://www.wikidata.org/entity/Q116960264,closet organizers & garment rack,5714
http://www.wikidata.org/entity/Q116960277,costume cape,5907
http://www.wikidata.org/entity/Q7540866,slipcover,599
http://www.wikidata.org/entity/Q117207478,makeup remover,6034
http://www.wikidata.org/entity/Q117208545,hockey goal,6074
http://www.wikidata.org/entity/Q116960532,felting pads & mat,6133
http://www.wikidata.org/entity/Q58966,rouet,6137
http://www.wikidata.org/entity/Q5167102,cookie press,6342
http://www.wikidata.org/entity/Q116970671,outdoor furniture set,6367
http://www.wikidata.org/entity/Q2335617,cheval bâton,6407
http://www.wikidata.org/entity/Q116971032,driver accessory,6471
http://www.wikidata.org/entity/Q2822041,Absorbeur d'oxygène,6479
http://www.wikidata.org/entity/Q117207551,contact lens case,6510
http://www.wikidata.org/entity/Q117208015,pretzel maker,6516
http://www.wikidata.org/entity/Q116971425,sink caddie,6746
http://www.wikidata.org/entity/Q117207942,garbage disposal accessory,6747
http://www.wikidata.org/entity/Q117209120,card game accessory,6853
http://www.wikidata.org/entity/Q117208553,hockey sledge,6857
http://www.wikidata.org/entity/Q1891884,couverture de survie,6897
http://www.wikidata.org/entity/Q116970460,power adapter & charger accessory,6933
http://www.wikidata.org/entity/Q744112,nichoir,699
http://www.wikidata.org/entity/Q117208262,stun guns & taser,727
http://www.wikidata.org/entity/Q116958017,bird cage accessory,7385
http://www.wikidata.org/entity/Q116958022,bird gyms & playstand,7398
http://www.wikidata.org/entity/Q117208914,bicycle foot peg,7538
http://www.wikidata.org/entity/Q117209175,motor vehicle towing,8228
http://www.wikidata.org/entity/Q939611,chevalet,968
http://www.wikidata.org/entity/Q117208518,dancing,989
http://www.wikidata.org/entity/Q170544,tente,1022
http://www.wikidata.org/entity/Q2211295,perceuse à colonne,1216
http://www.wikidata.org/entity/Q131502,générateur électrique,1218
http://www.wikidata.org/entity/Q5341305,jouet éducatif,1262
http://www.wikidata.org/entity/Q4990615,aiguisoir,1644
http://www.wikidata.org/entity/Q2733470,tache,1648
http://www.wikidata.org/entity/Q116970733,acid neutralizer,1735
http://www.wikidata.org/entity/Q1630622,point d'eau public,1821
http://www.wikidata.org/entity/Q56147152,marking equipment,1832
http://www.wikidata.org/entity/Q368366,poignet mousquetaire,1906
http://www.wikidata.org/entity/Q116961505,chipper,2072
http://www.wikidata.org/entity/Q116971194,pipe cutter,2080
http://www.wikidata.org/entity/Q116970493,repeaters & transceiver,2121
http://www.wikidata.org/entity/Q84751364,plumbing pipes,2216
http://www.wikidata.org/entity/Q11388990,bath additive,2522
http://www.wikidata.org/entity/Q116960178,lingerie accessory,2563
http://www.wikidata.org/entity/Q116970904,plumbing hoses & supply line,2570
http://www.wikidata.org/entity/Q754230,Éthylotest,2633
http://www.wikidata.org/entity/Q117209176,motor vehicle transmission & drivetrain part,2641
http://www.wikidata.org/entity/Q7102446,origami paper,2967
http://www.wikidata.org/entity/Q116970797,door bells & chime,2972
http://www.wikidata.org/entity/Q189414,tablette graphique,302
http://www.wikidata.org/entity/Q117207502,foot odor remover,3049
http://www.wikidata.org/entity/Q1938377,tee,3106
http://www.wikidata.org/entity/Q117208690,free weight,3164
http://www.wikidata.org/entity/Q1298056,accordeur,3270
http://www.wikidata.org/entity/Q2002539,bureau de change,3273
http://www.wikidata.org/entity/Q1809623,fontaine d'eau fraîche,3293
http://www.wikidata.org/entity/Q48961427,table,3345
http://www.wikidata.org/entity/Q191931,fauteuil roulant,3364
http://www.wikidata.org/entity/Q117208863,climbing ascenders & descender,3454
http://www.wikidata.org/entity/Q117208141,sprinkler valve,3491
http://www.wikidata.org/entity/Q116971376,food peelers & corer,3521
http://www.wikidata.org/entity/Q117208450,american football shoulder pad,3621
http://www.wikidata.org/entity/Q116037430,toy weapons & gadget,3627
http://www.wikidata.org/entity/Q117208717,billiard table brush,3754
http://www.wikidata.org/entity/Q7234593,pot rack,3845
http://www.wikidata.org/entity/Q89370801,planche de skateboard,3869
http://www.wikidata.org/entity/Q116970573,video players & recorder,387
http://www.wikidata.org/entity/Q117207580,home alarm system,3873
http://www.wikidata.org/entity/Q874669,volant,3907
http://www.wikidata.org/entity/Q1345873,tabac à mâcher,3916
http://www.wikidata.org/entity/Q877806,rétroprojecteur,398
http://www.wikidata.org/entity/Q1543471,pistolet de départ,3997
http://www.wikidata.org/entity/Q116970625,storage chest,4205
http://www.wikidata.org/entity/Q88399897,tube à essai,4306
http://www.wikidata.org/entity/Q11692319,pastry blender,4332
http://www.wikidata.org/entity/Q116970676,outdoor sofa,4513
http://www.wikidata.org/entity/Q116220925,eye wash supply,4527
http://www.wikidata.org/entity/Q115618784,Cereal & Granola,4689
http://www.wikidata.org/entity/Q116970961,solar energy kit,4715
http://www.wikidata.org/entity/Q86079543,tanning bed,472
http://www.wikidata.org/entity/Q1190910,maquillage,477
http://www.wikidata.org/entity/Q116961089,flute care kit,4838
http://www.wikidata.org/entity/Q116960850,brass instrument guard,4893
http://www.wikidata.org/entity/Q117208475,boxing & martial arts product,499719
http://www.wikidata.org/entity/Q116960495,sewing machine extension table,505286
http://www.wikidata.org/entity/Q117208411,computer utilities & maintenance software,5301
http://www.wikidata.org/entity/Q116961896,antenna accessory,5476
http://www.wikidata.org/entity/Q186101,plante aquatique,5590
http://www.wikidata.org/entity/Q188635,pont,5659
http://www.wikidata.org/entity/Q117207562,bath caddie,575
http://www.wikidata.org/entity/Q117207577,towel racks & holder,586
http://www.wikidata.org/entity/Q116961586,emergency & exit sign,5894
http://www.wikidata.org/entity/Q117207655,seasonal & holiday decoration,596
http://www.wikidata.org/entity/Q117207668,holiday stocking,5991
http://www.wikidata.org/entity/Q117208026,coffee & tea cup,6049
http://www.wikidata.org/entity/Q172226,ski,6064
http://www.wikidata.org/entity/Q4958553,rouleau à encre,6126
http://www.wikidata.org/entity/Q816851,cupcake,6195
http://www.wikidata.org/entity/Q117207641,mailbox post,6334
http://www.wikidata.org/entity/Q116970629,bedroom vanity,6360
http://www.wikidata.org/entity/Q1021677,meubles de bureau,6362
http://www.wikidata.org/entity/Q2198722,pierre réfractaire,646
http://www.wikidata.org/entity/Q117207848,barware,649
http://www.wikidata.org/entity/Q575174,Céleri-rave,6598
http://www.wikidata.org/entity/Q117209034,paintball harnesses & pack,6781
http://www.wikidata.org/entity/Q116036929,food washers & dryer,6786
http://www.wikidata.org/entity/Q117207420,utility wire,6904
http://www.wikidata.org/entity/Q117207646,ottoman cushion,6927
http://www.wikidata.org/entity/Q115923123,objet de décoration,696
http://www.wikidata.org/entity/Q116958083,pet thermometer,6981
http://www.wikidata.org/entity/Q117208816,watercraft storage rack,7178
http://www.wikidata.org/entity/Q116960172,bra strap pad,7208
http://www.wikidata.org/entity/Q116961172,claves & castanet,7289
http://www.wikidata.org/entity/Q116960250,wig accessory,7305
http://www.wikidata.org/entity/Q116971210,inspection mirror,7416
http://www.wikidata.org/entity/Q117208224,luggage cover,7521
http://www.wikidata.org/entity/Q181388,traîneau,7539
http://www.wikidata.org/entity/Q117207850,beverage chilling cubes & stick,7569
http://www.wikidata.org/entity/Q117208010,countertop & toaster oven,761
http://www.wikidata.org/entity/Q116961242,event program,8038
http://www.wikidata.org/entity/Q116960867,musical instrument amplifier accessory,8072
http://www.wikidata.org/entity/Q116961668,basketball arcade game,8085
http://www.wikidata.org/entity/Q117207538,hair removal wax warmer,8136
http://www.wikidata.org/entity/Q116960167,baptism & communion dress,8149
http://www.wikidata.org/entity/Q216217,mégaphone,8159
http://www.wikidata.org/entity/Q117208956,fishing rod bags & case,8272
http://www.wikidata.org/entity/Q116961486,dappen dish,8490
http://www.wikidata.org/entity/Q117209276,motorcycle hand guard,8507
http://www.wikidata.org/entity/Q8047551,igname,8515
http://www.wikidata.org/entity/Q117209189,"vehicle maintenance, care & decor",913
http://www.wikidata.org/entity/Q117208316,general office supply,932
http://www.wikidata.org/entity/Q117208337,printer & copier paper,962
http://www.wikidata.org/entity/Q1211272,enseigne,976
http://www.wikidata.org/entity/Q1054671,club de golf,1046
http://www.wikidata.org/entity/Q117209053,badminton equipment,1062
http://www.wikidata.org/entity/Q117208599,soccer product,1111
http://www.wikidata.org/entity/Q1503438,ordinateur de plongée,1137
http://www.wikidata.org/entity/Q116971274,sander,1188
http://www.wikidata.org/entity/Q64667461,square,1205
http://www.wikidata.org/entity/Q7111945,équipement de terrain de jeu,1249
http://www.wikidata.org/entity/Q23009,poignée de porte,1356
http://www.wikidata.org/entity/Q12568470,Photographic chemicals,1622
http://www.wikidata.org/entity/Q116971238,probes & finder,1785
http://www.wikidata.org/entity/Q207220,muffin,1895
http://www.wikidata.org/entity/Q117207709,air conditioner accessory,2367
http://www.wikidata.org/entity/Q116971340,shoe trees & shaper,2431
http://www.wikidata.org/entity/Q116037342,dollhouse accessory,2497
http://www.wikidata.org/entity/Q673782,bouchon d’oreille,2596
http://www.wikidata.org/entity/Q117208399,shipping supply,2636
http://www.wikidata.org/entity/Q1538114,recourbe-cils,2780
http://www.wikidata.org/entity/Q208421,caisse claire,2797
http://www.wikidata.org/entity/Q116970536,scanner accessory,284
http://www.wikidata.org/entity/Q115922995,outdoor living stuff,2918
http://www.wikidata.org/entity/Q116037322,toy drawing tablet,3079
http://www.wikidata.org/entity/Q117209018,airsoft gun parts & accessory,3116
http://www.wikidata.org/entity/Q115748257,live animals and animal products (excluding meat),3237
http://www.wikidata.org/entity/Q116961249,beer pong product,3361
http://www.wikidata.org/entity/Q116971368,food cracker,3381
http://www.wikidata.org/entity/Q116960191,security uniform,3414
http://www.wikidata.org/entity/Q117208540,lacrosse stick head,3418
http://www.wikidata.org/entity/Q1051178,scooters de mobilité,3512
http://www.wikidata.org/entity/Q583488,filtre à air,3573
http://www.wikidata.org/entity/Q117207909,food storage bag,3591
http://www.wikidata.org/entity/Q116961687,video game arcade cabinet accessory,3676
http://www.wikidata.org/entity/Q273131,encens,3686
http://www.wikidata.org/entity/Q180935,lancer du poids,3770
http://www.wikidata.org/entity/Q108799817,poids,3770
http://www.wikidata.org/entity/Q117208984,hang gliding & skydiving product,3789
http://www.wikidata.org/entity/Q117208038,serving platter,3802
http://www.wikidata.org/entity/Q213452,éprouvette graduée,4061
http://www.wikidata.org/entity/Q117207833,photo storage box,4237
http://www.wikidata.org/entity/Q117207832,photo storage,4360
http://www.wikidata.org/entity/Q5375321,encased coils,4420
http://www.wikidata.org/entity/Q3523897,Thermomètre infrarouge,4506
http://www.wikidata.org/entity/Q117208137,garden hose fittings & valve,4718
http://www.wikidata.org/entity/Q6741078,ice cube mold,4746
http://www.wikidata.org/entity/Q116961088,flute care & cleaning,4833
http://www.wikidata.org/entity/Q116961120,oboe straps & support,4848
http://www.wikidata.org/entity/Q116961147,saxophone reed,4858
http://www.wikidata.org/entity/Q117208276,product manual,5037
http://www.wikidata.org/entity/Q116961347,baby safety harnesses & leash,5049
http://www.wikidata.org/entity/Q116970440,pda battery,5133
http://www.wikidata.org/entity/Q116221016,vitamins & supplements,525
http://www.wikidata.org/entity/Q117208017,tortilla & flatbread maker,5292
http://www.wikidata.org/entity/Q116970956,power converter,5533
http://www.wikidata.org/entity/Q117207360,spotting scope accessory,5542
http://www.wikidata.org/entity/Q116960099,hunting & tactical pant,5552
http://www.wikidata.org/entity/Q116960259,obi accessory,5686
http://www.wikidata.org/entity/Q117207837,utility hook,5707
http://www.wikidata.org/entity/Q13228,crème,5786
http://www.wikidata.org/entity/Q116220325,acupuncture needle,5851
http://www.wikidata.org/entity/Q116961320,baby gift set,5859
http://www.wikidata.org/entity/Q115607456,flavored alcoholic beverage,5887
http://www.wikidata.org/entity/Q116961591,parking signs & permit,5896
http://www.wikidata.org/entity/Q117207628,home fragrance,592
http://www.wikidata.org/entity/Q56147003,jewelry component,5996
http://www.wikidata.org/entity/Q117209131,tile game,6038
http://www.wikidata.org/entity/Q3143131,poivre,6199
http://www.wikidata.org/entity/Q117208042,punch bowl stand,6434
http://www.wikidata.org/entity/Q1807269,poireau,6627
http://www.wikidata.org/entity/Q95974499,dinnerware,673
http://www.wikidata.org/entity/Q117208698,yoga & pilates block,6750
http://www.wikidata.org/entity/Q116971380,gelatin mold,6787
http://www.wikidata.org/entity/Q116970455,battery charge controller,6817
http://www.wikidata.org/entity/Q1164342,Hotte aspirante,684
http://www.wikidata.org/entity/Q117208048,compost aerator,6840
http://www.wikidata.org/entity/Q117207918,coffee decanter warmer,6888
http://www.wikidata.org/entity/Q116960868,musical instrument amplifier cabinet,6970
http://www.wikidata.org/entity/Q116961406,diaper wet bag,6971
http://www.wikidata.org/entity/Q116960176,breast petals & concealer,7209
http://www.wikidata.org/entity/Q641878,abaisse-langue,7324
http://www.wikidata.org/entity/Q898419,Microtome,7437
http://www.wikidata.org/entity/Q116960306,bicycle cleat bolt,7476
http://www.wikidata.org/entity/Q117208902,bicycle headset part,7478
http://www.wikidata.org/entity/Q6182266,Jerky gun,7485
http://www.wikidata.org/entity/Q116961923,computer covers & skin,7530
http://www.wikidata.org/entity/Q115921406,erotic product,773
http://www.wikidata.org/entity/Q117207428,ground spike,8112
http://www.wikidata.org/entity/Q116037415,hula hoop accessory,8128
http://www.wikidata.org/entity/Q117209306,car window net,8447
http://www.wikidata.org/entity/Q116960875,musical instrument amplifier tube,8480
http://www.wikidata.org/entity/Q117207761,garage floor mat,8522
http://www.wikidata.org/entity/Q117208580,gymnastics product,1000
http://www.wikidata.org/entity/Q117208869,cycling product,1025
http://www.wikidata.org/entity/Q117208750,boating & rafting product,1120
http://www.wikidata.org/entity/Q171529,canoë,1124
http://www.wikidata.org/entity/Q116971266,pickup tool,1196
http://www.wikidata.org/entity/Q1501558,chiller,1354
http://www.wikidata.org/entity/Q116970530,printer memory,1683
http://www.wikidata.org/entity/Q187665,thermostat,1897
http://www.wikidata.org/entity/Q116970862,drain opener,1932
http://www.wikidata.org/entity/Q1520756,Bavoir,2125
http://www.wikidata.org/entity/Q116970861,drain liner,2257
http://www.wikidata.org/entity/Q117207355,video camera light,2394
http://www.wikidata.org/entity/Q116037369,play vehicle,2505
http://www.wikidata.org/entity/Q83376,rhum,2605
http://www.wikidata.org/entity/Q117209229,vehicle antifreeze,2635
http://www.wikidata.org/entity/Q387524,cale-porte,2665
http://www.wikidata.org/entity/Q910284,lessive,2754
http://www.wikidata.org/entity/Q117207694,fireplace & wood stove accessory,2862
http://www.wikidata.org/entity/Q117209428,ATVs and UTVs,3018
http://www.wikidata.org/entity/Q356700,Film étirable,3110
http://www.wikidata.org/entity/Q1805666,auto-piqueur,3111
http://www.wikidata.org/entity/Q117208587,racquetball & squash eyewear,3119
http://www.wikidata.org/entity/Q117207985,trancheuse à jambon,3181
http://www.wikidata.org/entity/Q117208803,kneeboarding product,3370
http://www.wikidata.org/entity/Q117209197,vehicle cover,3436
http://www.wikidata.org/entity/Q116971156,shaper accessory,3470
http://www.wikidata.org/entity/Q116971441,hunting & survival knife,3495
http://www.wikidata.org/entity/Q117208003,milk frothers & steamer,3526
http://www.wikidata.org/entity/Q97361950,basketball net,3829
http://www.wikidata.org/entity/Q117208613,tennis ball machine,3985
http://www.wikidata.org/entity/Q723748,confluence,4015
http://www.wikidata.org/entity/Q116221561,facial blotting paper,4121
http://www.wikidata.org/entity/Q848532,serviette de table,4203
http://www.wikidata.org/entity/Q627405,porte de garage,4468
http://www.wikidata.org/entity/Q9249417,bicycle inner tube,4572
http://www.wikidata.org/entity/Q1148375,guidon,4582
http://www.wikidata.org/entity/Q117208658,cardio machine,4589
http://www.wikidata.org/entity/Q2451906,pédalier,4592
http://www.wikidata.org/entity/Q117207413,cabinet catch,4698
http://www.wikidata.org/entity/Q51290,harmonica,4743
http://www.wikidata.org/entity/Q117208465,catchers helmets & mask,499717
http://www.wikidata.org/entity/Q22071400,cat toy,5001
http://www.wikidata.org/entity/Q116958061,aquarium gravel & substrate,5021
http://www.wikidata.org/entity/Q116958206,reptile & amphibian habitat accessory,5027
http://www.wikidata.org/entity/Q117208309,greeting card organizer,5070
http://www.wikidata.org/entity/Q116958181,pet medicine,5086
http://www.wikidata.org/entity/Q762984,ficelle,5119
http://www.wikidata.org/entity/Q117208768,"wetsuit hoods, gloves & boot",5399
http://www.wikidata.org/entity/Q117207466,jewelry cleaning & care,5573
http://www.wikidata.org/entity/Q116970555,projection & tripod skirt,5599
http://www.wikidata.org/entity/Q267290,pince à linge,5704
http://www.wikidata.org/entity/Q41534,amidon,5771
http://www.wikidata.org/entity/Q117208855,sleeping bag liner,5881
http://www.wikidata.org/entity/Q117209219,vehicle license plate frame,5994
http://www.wikidata.org/entity/Q117207546,snoring & sleep apnea aid,6017
http://www.wikidata.org/entity/Q116221857,body oil,6104
http://www.wikidata.org/entity/Q116971331,shoe care & tool,628
http://www.wikidata.org/entity/Q117208672,foam roller storage bag,6338
http://www.wikidata.org/entity/Q117207825,storage & organization,636
http://www.wikidata.org/entity/Q117207609,decorative bowl,6457
http://www.wikidata.org/entity/Q116971203,electrician fish tape,6461
http://www.wikidata.org/entity/Q89,pomme,6566
http://www.wikidata.org/entity/Q10817602,ananas,6670
http://www.wikidata.org/entity/Q507141,poussette,568
http://www.wikidata.org/entity/Q115607684,sports & energy drink,5723
http://www.wikidata.org/entity/Q178024,pâte,5752
http://www.wikidata.org/entity/Q115619212,fresh and frozen fruit,5795
http://www.wikidata.org/entity/Q116961509,industrial shelving,5833
http://www.wikidata.org/entity/Q116961220,corsages & boutonnière,5916
http://www.wikidata.org/entity/Q1661777,chaussure de ski,6062
http://www.wikidata.org/entity/Q1995099,gant,6078
http://www.wikidata.org/entity/Q117209288,automotive alarm accessory,6084
http://www.wikidata.org/entity/Q842618,sauce Worcestershire,6246
http://www.wikidata.org/entity/Q117207679,curtain & drape rod,6257
http://www.wikidata.org/entity/Q116961232,balloon kit,6311
http://www.wikidata.org/entity/Q117208032,chopstick accessory,6439
http://www.wikidata.org/entity/Q117208105,brush mower attachment,6542
http://www.wikidata.org/entity/Q1896787,refroidissement par évaporation,6727
http://www.wikidata.org/entity/Q3342808,noix de coco,6809
http://www.wikidata.org/entity/Q116970672,outdoor ottoman,6822
http://www.wikidata.org/entity/Q28659441,rain barrel,6834
http://www.wikidata.org/entity/Q117207614,ecosphere,6935
http://www.wikidata.org/entity/Q116958062,aquarium overflow box,6951
http://www.wikidata.org/entity/Q116961959,keyboard trays & platform,6979
http://www.wikidata.org/entity/Q116960560,beading pattern,6999
http://www.wikidata.org/entity/Q1625730,Fendeuse de bûche,7030
http://www.wikidata.org/entity/Q116961180,musical pipe,7250
http://www.wikidata.org/entity/Q116961823,integrated circuits & chip,7257
http://www.wikidata.org/entity/Q116961482,variable frequency & adjustable speed drive,7262
http://www.wikidata.org/entity/Q116970892,toilet seat lid cover,7446
http://www.wikidata.org/entity/Q1137500,cuiseur de riz,757
http://www.wikidata.org/entity/Q117208680,speed & resistance parachute,8062
http://www.wikidata.org/entity/Q117208360,transcribers & dictation system,954
http://www.wikidata.org/entity/Q1668556,paper product,956
http://www.wikidata.org/entity/Q1130691,pitching machine,1077
http://www.wikidata.org/entity/Q1262971,gilet de sauvetage,1128
http://www.wikidata.org/entity/Q117208791,swimming product,1144
http://www.wikidata.org/entity/Q13450283,combinaison humide,1147
http://www.wikidata.org/entity/Q116971281,taps & dyes,1184
http://www.wikidata.org/entity/Q35855,dentifrice,1360
http://www.wikidata.org/entity/Q116971198,deburrer,1391
http://www.wikidata.org/entity/Q116970734,chimney cleaner,1479
http://www.wikidata.org/entity/Q152285,urinoir,1746
http://www.wikidata.org/entity/Q53060,porte,1788
http://www.wikidata.org/entity/Q281,whisky,1926
http://www.wikidata.org/entity/Q116960244,hair forks & stick,1948
http://www.wikidata.org/entity/Q1572278,sauce salade,1969
http://www.wikidata.org/entity/Q117207394,studio stands & mount,2007
http://www.wikidata.org/entity/Q116970903,toilets & bidet,2062
http://www.wikidata.org/entity/Q116970910,water filtration accessory,2171
http://www.wikidata.org/entity/Q117207432,screw post,2230
http://www.wikidata.org/entity/Q10587165,mobile phone case,2353
http://www.wikidata.org/entity/Q117209212,vehicle dashboard accessory,2582
http://www.wikidata.org/entity/Q832436,radiomessagerie,268
http://www.wikidata.org/entity/Q117209258,vehicle transmission fluid,2688
http://www.wikidata.org/entity/Q55403062,Fluorescent tube,2690
http://www.wikidata.org/entity/Q115633940,medical supply,2907
http://www.wikidata.org/entity/Q211028,grosse caisse,2917
http://www.wikidata.org/entity/Q117209158,motor vehicle braking,2977
http://www.wikidata.org/entity/Q549563,paillis,2988
http://www.wikidata.org/entity/Q117207368,tripod collars & mount,3035
http://www.wikidata.org/entity/Q84892070,panier de disc-golf,3227
http://www.wikidata.org/entity/Q116037383,pretend lawn & garden toy,3288
http://www.wikidata.org/entity/Q117208487,punching & training bag,3297
http://www.wikidata.org/entity/Q116037375,toy race car & track set,3474
http://www.wikidata.org/entity/Q116037373,toy motorcycle,3590
http://www.wikidata.org/entity/Q11345724,tenue sportive,3598
http://www.wikidata.org/entity/Q117209405,watercraft exhaust part,3619
http://www.wikidata.org/entity/Q117209373,boat ladder,3718
http://www.wikidata.org/entity/Q116961909,cable clip,3764
http://www.wikidata.org/entity/Q117208990,archery armguard,3773
http://www.wikidata.org/entity/Q180544,prisme,3782
http://www.wikidata.org/entity/Q117209383,watercraft cleaner,3866
http://www.wikidata.org/entity/Q3985231,Témoin (athlétisme),3878
http://www.wikidata.org/entity/Q117209141,stilt,3948
http://www.wikidata.org/entity/Q117208741,dart backboard,3957
http://www.wikidata.org/entity/Q117209413,watercraft fuel meter,3968
http://www.wikidata.org/entity/Q117207444,tool storage & organization,3974
http://www.wikidata.org/entity/Q117208633,vaulting pole,4020
http://www.wikidata.org/entity/Q1267584,bonnet de douche,4049
http://www.wikidata.org/entity/Q898832,pissette,4140
http://www.wikidata.org/entity/Q116960260,clothing display rack,4244
http://www.wikidata.org/entity/Q116961527,piercing & tattooing product,4285
http://www.wikidata.org/entity/Q117208104,lawn mower accessory,4566
http://www.wikidata.org/entity/Q1629107,meuble à dossiers suspendus ou fiches,463
http://www.wikidata.org/entity/Q2637814,étagère (meuble),464
http://www.wikidata.org/entity/Q116971191,concrete broom,4672
http://www.wikidata.org/entity/Q116971356,condiment dispenser,4777
http://www.wikidata.org/entity/Q116961119,oboe reed,4847
http://www.wikidata.org/entity/Q116960848,brass instrument cleaners & sanitizer,4892
http://www.wikidata.org/entity/Q116958021,bird cages & stand,4989
http://www.wikidata.org/entity/Q116958039,cat litter box,5000
http://www.wikidata.org/entity/Q116958216,small animal habitats & cage,5017
http://www.wikidata.org/entity/Q3400794,édulcorant,503734
http://www.wikidata.org/entity/Q117209106,snowboard binding part,5088
http://www.wikidata.org/entity/Q115633871,Examination Chairs & Tables,5169
http://www.wikidata.org/entity/Q192411,mouchoir,5207
http://www.wikidata.org/entity/Q747865,Présentation du numéro,5275
http://www.wikidata.org/entity/Q117208426,network software,5302
http://www.wikidata.org/entity/Q645292,vêtement de sport,5322
http://www.wikidata.org/entity/Q117207482,self tanner,5338
http://www.wikidata.org/entity/Q4402404,siège enfant,547
http://www.wikidata.org/entity/Q116961382,infant diapering product,548
http://www.wikidata.org/entity/Q1771944,taro (plante),6704
http://www.wikidata.org/entity/Q116958072,pet agility equipment,6983
http://www.wikidata.org/entity/Q117209218,vehicle license plate cover,7022
http://www.wikidata.org/entity/Q5309093,drum pedal,7101
http://www.wikidata.org/entity/Q101687,autel,7120
http://www.wikidata.org/entity/Q952443,nasse,7221
http://www.wikidata.org/entity/Q117208074,canopy pole,7423
http://www.wikidata.org/entity/Q117209005,hunting & shooting glove,7461
http://www.wikidata.org/entity/Q29531528,pasta maker,755
http://www.wikidata.org/entity/Q116970689,replacement shelf,8024
http://www.wikidata.org/entity/Q116958097,pet eye drops & lubricant,8050
http://www.wikidata.org/entity/Q117208953,fishing reel lubricant,8094
http://www.wikidata.org/entity/Q117208952,fishing reel bags & case,8273
http://www.wikidata.org/entity/Q170124,enveloppe,958
http://www.wikidata.org/entity/Q1370818,vélo d'appartement,994
http://www.wikidata.org/entity/Q919777,balle de golf,1045
http://www.wikidata.org/entity/Q117209379,sailboat part,1132
http://www.wikidata.org/entity/Q187939,activités de fabrication,1470
http://www.wikidata.org/entity/Q565858,détecteur et avertisseur autonome de fumée,1471
http://www.wikidata.org/entity/Q19832917,optic,156
http://www.wikidata.org/entity/Q117208251,gun grip,1806
http://www.wikidata.org/entity/Q116960471,sew-in label,1927
http://www.wikidata.org/entity/Q124441,lave-linge,2549
http://www.wikidata.org/entity/Q117209211,vehicle antenna ball,2588
http://www.wikidata.org/entity/Q116221538,cosmetic tool,2619
http://www.wikidata.org/entity/Q116970640,electric massaging chair,2919
http://www.wikidata.org/entity/Q117209178,motor vehicle rims & wheel,2932
http://www.wikidata.org/entity/Q207571,Lampe fluorescente,2947
http://www.wikidata.org/entity/Q502057,trottinette,2966
http://www.wikidata.org/entity/Q117207376,darkroom sink,2999
http://www.wikidata.org/entity/Q17530767,handheld circular saw,3224
http://www.wikidata.org/entity/Q117208806,wakeboarding product,3282
http://www.wikidata.org/entity/Q117208796,swim goggles & mask,3360
http://www.wikidata.org/entity/Q116971405,measuring cups and spoon,3475
http://www.wikidata.org/entity/Q373255,scie circulaire,3517
http://www.wikidata.org/entity/Q38420,nourriture pour chien,3530
http://www.wikidata.org/entity/Q116037336,wooden block,3617
http://www.wikidata.org/entity/Q117208786,surf leash,3649
http://www.wikidata.org/entity/Q4951263,quille,3669
http://www.wikidata.org/entity/Q116970427,memory case,3672
http://www.wikidata.org/entity/Q116037401,remote control plane,3677
http://www.wikidata.org/entity/Q117208849,hiking pole,3738
http://www.wikidata.org/entity/Q117208697,pilates machine,3810
http://www.wikidata.org/entity/Q637484,pompe à vélo,3827
http://www.wikidata.org/entity/Q1501161,boîte à outils,3980
http://www.wikidata.org/entity/Q421904,Classeur,4212
http://www.wikidata.org/entity/Q117207647,piggy banks & money jar,4295
http://www.wikidata.org/entity/Q834028,équipement de laboratoire,4335
http://www.wikidata.org/entity/Q117207396,photo negative & slide storage,4368
http://www.wikidata.org/entity/Q116961378,baby stroller accessory,4387
http://www.wikidata.org/entity/Q115634274,microscope objective lens,4665
http://www.wikidata.org/entity/Q5090,riz,4682
http://www.wikidata.org/entity/Q920748,pot-pourri,4740
http://www.wikidata.org/entity/Q116961055,bassoon swab,4815
http://www.wikidata.org/entity/Q117208462,baseball & softball chest protector,499715
http://www.wikidata.org/entity/Q117208480,boxing & martial arts headgear,499722
http://www.wikidata.org/entity/Q117208283,vehicle service manual,5041
http://www.wikidata.org/entity/Q117209096,ski & snowboard goggle lens,5050
http://www.wikidata.org/entity/Q117207924,frothing pitcher,5066
http://www.wikidata.org/entity/Q117208253,gun light,5067
http://www.wikidata.org/entity/Q117207755,irons & ironing system,5139
http://www.wikidata.org/entity/Q117207317,model train accessory,5151
http://www.wikidata.org/entity/Q116221368,supports & brace,523
http://www.wikidata.org/entity/Q48171,compteur Geiger,5371
http://www.wikidata.org/entity/Q117208409,ring pillows & holder,5457
http://www.wikidata.org/entity/Q116960104,motorcycle suit,5463
http://www.wikidata.org/entity/Q6398232,keyboard protector,5469
http://www.wikidata.org/entity/Q116970553,color calibrator,5516
http://www.wikidata.org/entity/Q116960344,riding apparel & accessory,5594
http://www.wikidata.org/entity/Q116960118,toddler underwear,5621
http://www.wikidata.org/entity/Q797906,biberon,564
http://www.wikidata.org/entity/Q117207667,holiday stocking hanger,5990
http://www.wikidata.org/entity/Q117209216,vehicle emblems & hood ornament,5995
http://www.wikidata.org/entity/Q117209039,hydration system accessory,5998
http://www.wikidata.org/entity/Q117209348,vehicle water sport board rack,6042
http://www.wikidata.org/entity/Q117207506,hair loss concealer,6099
http://www.wikidata.org/entity/Q117208013,pizza makers & oven,6278
http://www.wikidata.org/entity/Q117207879,fermentation & pickling crock,6518
http://www.wikidata.org/entity/Q1062284,Channel strip,6545
http://www.wikidata.org/entity/Q16587531,pomme de terre,6586
http://www.wikidata.org/entity/Q11575,maïs,6609
http://www.wikidata.org/entity/Q116970684,room divider accessory,6915
http://www.wikidata.org/entity/Q117208555,hockey stick part,7011
http://www.wikidata.org/entity/Q117207623,garden & stepping stone,704
http://www.wikidata.org/entity/Q116971277,masonry & tile saw,7077
http://www.wikidata.org/entity/Q117207973,water cooler accessory,7118
http://www.wikidata.org/entity/Q117208591,rounders bat,7158
http://www.wikidata.org/entity/Q117207831,household storage drawer,7255
http://www.wikidata.org/entity/Q30113226,tête de hache,7369
http://www.wikidata.org/entity/Q88184790,dust mask,7407
http://www.wikidata.org/entity/Q117207618,flag & windsock pole,7421
http://www.wikidata.org/entity/Q117208569,ball pump accessory,7433
http://www.wikidata.org/entity/Q117208885,bicycle spoke bead,7448
http://www.wikidata.org/entity/Q117208788,surfing glove,7451
http://www.wikidata.org/entity/Q116961753,speaker stands & mount,8049
http://www.wikidata.org/entity/Q116037414,fitness toy accessory,8129
http://www.wikidata.org/entity/Q18384090,drawer slides roll forming machine,8470
http://www.wikidata.org/entity/Q117208508,scoreboard,8505
http://www.wikidata.org/entity/Q117209155,vehicles & part,888
http://www.wikidata.org/entity/Q116970799,fencieng and barrier product,128
http://www.wikidata.org/entity/Q5416062,evaporator,1390
http://www.wikidata.org/entity/Q116971219,brick tool,1668
http://www.wikidata.org/entity/Q259642,quark,1855
http://www.wikidata.org/entity/Q116970580,portable game console accessory,2070
http://www.wikidata.org/entity/Q6784507,table de massage,2074
http://www.wikidata.org/entity/Q115619082,jam and jelly,2188
http://www.wikidata.org/entity/Q391788,drap,2314
http://www.wikidata.org/entity/Q27883554,bar soap,2503
http://www.wikidata.org/entity/Q117207794,household paper product,2530
http://www.wikidata.org/entity/Q193204,pyjama,2580
http://www.wikidata.org/entity/Q117207753,laundry appliance,2706
http://www.wikidata.org/entity/Q29476,levure chimique,2803
http://www.wikidata.org/entity/Q117207621,fountain & pond accessory,2921
http://www.wikidata.org/entity/Q116970748,bricks & concrete block,3031
http://www.wikidata.org/entity/Q117209111,snowshoe binding,3073
http://www.wikidata.org/entity/Q117208630,track hurdle,3149
http://www.wikidata.org/entity/Q117208564,skate lace tightener,3241
http://www.wikidata.org/entity/Q116971141,paint brush cleaning solution,328062
http://www.wikidata.org/entity/Q1450186,Souffleur de feuilles,3340
http://www.wikidata.org/entity/Q1229765,embarcation,3540
http://www.wikidata.org/entity/Q117208815,water sport tow cable,3636
http://www.wikidata.org/entity/Q116971276,jigsaw,3725
http://www.wikidata.org/entity/Q116960094,bicycle tight,3729
http://www.wikidata.org/entity/Q117209402,watercraft propeller,3806
http://www.wikidata.org/entity/Q117208582,gymnastics protective gear,3808
http://www.wikidata.org/entity/Q1384878,dégaine,3849
http://www.wikidata.org/entity/Q117208711,billiard cues & bridge,3910
http://www.wikidata.org/entity/Q117208261,staff & stick weapon,3924
http://www.wikidata.org/entity/Q4405347,billes d'airsoft,3925
http://www.wikidata.org/entity/Q13222335,compostage,4085
http://www.wikidata.org/entity/Q644099,tampon encreur,4341
http://www.wikidata.org/entity/Q117208019,wine fridge,4539
http://www.wikidata.org/entity/Q105150560,moyeu de bicyclette,4599
http://www.wikidata.org/entity/Q116971349,cake decorating supply,4630
http://www.wikidata.org/entity/Q117207412,cabinet backplate,4697
http://www.wikidata.org/entity/Q117207898,airpot,4722
http://www.wikidata.org/entity/Q116961078,clarinet bell,4830
http://www.wikidata.org/entity/Q116961098,flute small part,4842
http://www.wikidata.org/entity/Q37152,canne à pêche,4927
http://www.wikidata.org/entity/Q116958063,aquarium stand,5023
http://www.wikidata.org/entity/Q572809,outil à bicyclette,505668
http://www.wikidata.org/entity/Q116037377,toy trains & train set,5152
http://www.wikidata.org/entity/Q117207977,beverage warmer,5287
http://www.wikidata.org/entity/Q117208413,"financial, tax & accounting software",5304
http://www.wikidata.org/entity/Q117208012,muffin & cupcake maker,5318
http://www.wikidata.org/entity/Q116960166,religious ceremonial clothing,5483
http://www.wikidata.org/entity/Q116961437,baby & toddler furniture,554
http://www.wikidata.org/entity/Q116960108,baby & toddler diaper cover,5549
http://www.wikidata.org/entity/Q1780834,table à langer,558
http://www.wikidata.org/entity/Q116961767,noise gates & compressor,5596
http://www.wikidata.org/entity/Q116961427,burp cloth,5629
http://www.wikidata.org/entity/Q116961411,baby drink,5718
http://www.wikidata.org/entity/Q116961381,shopping cart & high chair cover,5845
http://www.wikidata.org/entity/Q116961596,road & traffic sign,5895
http://www.wikidata.org/entity/Q117208064,outdoor blanket,5910
http://www.wikidata.org/entity/Q117209122,dexterity game,6054
http://www.wikidata.org/entity/Q117208072,canopy & gazebo frame,6106
http://www.wikidata.org/entity/Q256817,élastique,6146
http://www.wikidata.org/entity/Q116960547,thread & yarn guide,6155
http://www.wikidata.org/entity/Q117208298,business card book,6190
http://www.wikidata.org/entity/Q116221536,cosmetic tool cleanser,6331
http://www.wikidata.org/entity/Q117207635,mailbox accessory,6333
http://www.wikidata.org/entity/Q117207767,fabric & upholstery protector,6419
http://www.wikidata.org/entity/Q117207810,fabric & upholstery protector,6419
http://www.wikidata.org/entity/Q115609440,babaco fruit,6573
http://www.wikidata.org/entity/Q104664699,Chinese broccoli,6617
http://www.wikidata.org/entity/Q115619182,homely fruit,6624
http://www.wikidata.org/entity/Q117208063,hammock parts & accessory,6737
http://www.wikidata.org/entity/Q116970668,workstation & cubicle accessory,6909
http://www.wikidata.org/entity/Q117207611,decorative plaque,708
http://www.wikidata.org/entity/Q116221573,false eyelash adhesive,7256
http://www.wikidata.org/entity/Q116960865,sheet music clip,7278
http://www.wikidata.org/entity/Q12714,ouvre-boîtes,733
http://www.wikidata.org/entity/Q337517,Test VIH,7336
http://www.wikidata.org/entity/Q117208149,in-ground light,7401
http://www.wikidata.org/entity/Q116221435,back & lumbar support cushion,7404
http://www.wikidata.org/entity/Q753069,amer,7486
http://www.wikidata.org/entity/Q117209100,ski & snowboard storage rack,7558
http://www.wikidata.org/entity/Q117208084,outdoor umbrella light,8020
http://www.wikidata.org/entity/Q116971336,shoe polisher,8032
http://www.wikidata.org/entity/Q117207827,household drawer organizer insert,8058
http://www.wikidata.org/entity/Q116961510,"wire partitions, enclosures & door",8274
http://www.wikidata.org/entity/Q117209294,vehicle door lock actuator,8305
http://www.wikidata.org/entity/Q15883336,car seatbelt,8449
http://www.wikidata.org/entity/Q489157,agrafeuse de bureau,947
http://www.wikidata.org/entity/Q116970568,video editing hardware & production equipment,1368
http://www.wikidata.org/entity/Q117207387,studio background,1611
http://www.wikidata.org/entity/Q117209193,vehicle carpet & upholstery cleaner,2704
http://www.wikidata.org/entity/Q117207481,tanning product,2740
http://www.wikidata.org/entity/Q117207499,bunion care supply,2992
http://www.wikidata.org/entity/Q117208720,billiard table,3139
http://www.wikidata.org/entity/Q117209409,watercraft mufflers & part,3309
http://www.wikidata.org/entity/Q116960881,percussion accessory,3465
http://www.wikidata.org/entity/Q116037419,basketball toy,3552
http://www.wikidata.org/entity/Q9026959,autographe,3599
http://www.wikidata.org/entity/Q48980095,balle de softball,3671
http://www.wikidata.org/entity/Q1392524,remorque vélo,3811
http://www.wikidata.org/entity/Q153362,raquette de tennis,3906
http://www.wikidata.org/entity/Q11456,semi-conducteur,3991
http://www.wikidata.org/entity/Q116037104,basketball autographed paraphernalia,4279
http://www.wikidata.org/entity/Q117208295,binder,4303
http://www.wikidata.org/entity/Q117207692,earthquake alarm,4490
http://www.wikidata.org/entity/Q117208896,bicycle brake set,4577
http://www.wikidata.org/entity/Q117207939,food grinder accessory,4763
http://www.wikidata.org/entity/Q116961064,clarinet care & cleaning,4818
http://www.wikidata.org/entity/Q111568800,barillet,4829
http://www.wikidata.org/entity/Q116961096,flute headjoint,4841
http://www.wikidata.org/entity/Q117209052,outdoor game product,499846
http://www.wikidata.org/entity/Q1704731,Cafetière à siphon,5286
http://www.wikidata.org/entity/Q93249,logiciel antivirus,5299
http://www.wikidata.org/entity/Q170063,robe de mariée,5329
http://www.wikidata.org/entity/Q116961777,multitrack recorder,5434
http://www.wikidata.org/entity/Q117207663,christmas tree skirt,5504
http://www.wikidata.org/entity/Q117209144,trampoline accessory,5524
http://www.wikidata.org/entity/Q866153,dessert glacé,5788
http://www.wikidata.org/entity/Q116960287,wallet chain,5841
http://www.wikidata.org/entity/Q13586560,monoblock LNB,6016
http://www.wikidata.org/entity/Q1335189,bateau à pédales,6097
http://www.wikidata.org/entity/Q116960527,textile art gauges & ruler,6157
http://www.wikidata.org/entity/Q1566593,filet de tête,6183
http://www.wikidata.org/entity/Q2144175,ceinture de plomb,6514
http://www.wikidata.org/entity/Q157954,bette,6597
http://www.wikidata.org/entity/Q3205924,cherimoya,6602
http://www.wikidata.org/entity/Q104030000,mangoustan,6645
http://www.wikidata.org/entity/Q104413481,parsnip,6663
http://www.wikidata.org/entity/Q116960413,mosaic kit,6829
http://www.wikidata.org/entity/Q116037067,collectible trading card,6997
http://www.wikidata.org/entity/Q117207539,laser & ipl hair removal device,7199
http://www.wikidata.org/entity/Q117208428,restore disk,7225
http://www.wikidata.org/entity/Q117209186,off-road and all-terrain vehicle tire,7252
http://www.wikidata.org/entity/Q116960898,hand percussion stands & mount,7284
http://www.wikidata.org/entity/Q215928,transducteur,7394
http://www.wikidata.org/entity/Q117208168,lamp post mount,7447
http://www.wikidata.org/entity/Q14076,préservatif,775
http://www.wikidata.org/entity/Q117207965,steam table accessory,8051
http://www.wikidata.org/entity/Q117207742,wall mount fan,8090
http://www.wikidata.org/entity/Q117208271,music & sound recording product,855
http://www.wikidata.org/entity/Q46765731,pièce automobile,899
http://www.wikidata.org/entity/Q117208352,office equipment,950
http://www.wikidata.org/entity/Q1553001,fiche,959
http://www.wikidata.org/entity/Q117208460,baseball & softball protective gear,1078
http://www.wikidata.org/entity/Q116037139,basketball fan accessory,1084
http://www.wikidata.org/entity/Q1734658,Pistolet à mastic,1215
http://www.wikidata.org/entity/Q1545773,Nettoyeur haute-pression,1226
http://www.wikidata.org/entity/Q116971322,welding guns & plasma cutter,1238
http://www.wikidata.org/entity/Q7295963,hochet,1244
http://www.wikidata.org/entity/Q2407432,table basse,1395
http://www.wikidata.org/entity/Q5305545,Drain rods,1407
http://www.wikidata.org/entity/Q11653,composant électronique,1801
http://www.wikidata.org/entity/Q863835,alésoir,1819
http://www.wikidata.org/entity/Q233320,échafaudage,1866
http://www.wikidata.org/entity/Q15951606,radiateur,2060
http://www.wikidata.org/entity/Q7906958,VHS tape rewinder,2145
http://www.wikidata.org/entity/Q1197414,sac poubelle,2374
http://www.wikidata.org/entity/Q117207375,copystand,2625
http://www.wikidata.org/entity/Q117209168,motor vehicle fuel system,2727
http://www.wikidata.org/entity/Q116221587,cuticle pusher,2739
http://www.wikidata.org/entity/Q117209210,vehicle air freshener,2789
http://www.wikidata.org/entity/Q117207897,food & beverage carrier,2920
http://www.wikidata.org/entity/Q117207524,teeth whitener,3019
http://www.wikidata.org/entity/Q117208446,american football helmet visor,3063
http://www.wikidata.org/entity/Q622416,bateau à moteur,3095
http://www.wikidata.org/entity/Q117208542,lacrosse training aid,3204
http://www.wikidata.org/entity/Q5322,condensateur,3220
http://www.wikidata.org/entity/Q1427909,attendrisseur,3248
http://www.wikidata.org/entity/Q117209364,docking & anchoring product,3315
http://www.wikidata.org/entity/Q116961815,development board,3416
http://www.wikidata.org/entity/Q117208889,bicycle training wheel,3631
http://www.wikidata.org/entity/Q116961810,passive circuit component,3635
http://www.wikidata.org/entity/Q117208699,yoga & pilates mat,3640
http://www.wikidata.org/entity/Q1554447,bouncy ball,3733
http://www.wikidata.org/entity/Q117208712,billiard glove,3755
http://www.wikidata.org/entity/Q2881344,ballon de rugby,3761
http://www.wikidata.org/entity/Q116037418,baseball toy,3776
http://www.wikidata.org/entity/Q1364480,Barre de flèche,3828
http://www.wikidata.org/entity/Q183621,yo-yo,3929
http://www.wikidata.org/entity/Q18341850,mortier et pilon,3999
http://www.wikidata.org/entity/Q116961576,paper coin wrappers & bill strap,4055
http://www.wikidata.org/entity/Q1304613,pistolet à colle chaude,4073
http://www.wikidata.org/entity/Q117208322,label clip,4137
http://www.wikidata.org/entity/Q3592643,étuve de laboratoire,4231
http://www.wikidata.org/entity/Q13635735,headphone amplifier,4493
http://www.wikidata.org/entity/Q117207947,juicer accessory,4519
http://www.wikidata.org/entity/Q18420899,wine aerator,4563
http://www.wikidata.org/entity/Q117208469,basketball hoop parts & accessory,4676
http://www.wikidata.org/entity/Q116961956,pda accessory,4737
http://www.wikidata.org/entity/Q116221832,acne treatments & kit,481
http://www.wikidata.org/entity/Q116961057,bassoon part,4811
http://www.wikidata.org/entity/Q116961093,flute cases & gigbag,4834
http://www.wikidata.org/entity/Q117208417,animation editing software,4950
http://www.wikidata.org/entity/Q117207770,carpet cleaner,4974
http://www.wikidata.org/entity/Q116961751,speaker components & kit,500120
http://www.wikidata.org/entity/Q4782757,aquarium lighting,5079
http://www.wikidata.org/entity/Q117207979,chocolate tempering machine,5090
http://www.wikidata.org/entity/Q116970404,hard drive array,5272
http://www.wikidata.org/entity/Q116960210,baby & toddler clothing accessory,5422
http://www.wikidata.org/entity/Q117209357,motorcycle bags & pannier,5512
http://www.wikidata.org/entity/Q116960220,baby & toddler belt,5623
http://www.wikidata.org/entity/Q115619231,pudding and gelatin snack,5743
http://www.wikidata.org/entity/Q1156634,cornet à glace,5790
http://www.wikidata.org/entity/Q115618827,fresh and frozen seafood,5812
http://www.wikidata.org/entity/Q21501697,Impulse sealer,5829
http://www.wikidata.org/entity/Q116971218,magnetic sweeper,5873
http://www.wikidata.org/entity/Q116961597,safety & warning sign,5892
http://www.wikidata.org/entity/Q1196123,uniforme militaire,5949
http://www.wikidata.org/entity/Q117208177,table skirt,6322
http://www.wikidata.org/entity/Q116221590,nail buffer,6341
http://www.wikidata.org/entity/Q117208346,office cart,6373
http://www.wikidata.org/entity/Q117207802,fabric starch,6387
http://www.wikidata.org/entity/Q116971261,paint edger,6556
http://www.wikidata.org/entity/Q12762973,patate douce,6585
http://www.wikidata.org/entity/Q83093,champignon,6653
http://www.wikidata.org/entity/Q3406628,oignon,6655
http://www.wikidata.org/entity/Q115618581,Plumcot fruit,6675
http://www.wikidata.org/entity/Q18669788,Sifflet de train,6728
http://www.wikidata.org/entity/Q81944,couvert,675
http://www.wikidata.org/entity/Q7525838,sippy cup,6950
http://www.wikidata.org/entity/Q116971142,paint roller accessory,7020
http://www.wikidata.org/entity/Q1055732,moulage,7112
http://www.wikidata.org/entity/Q116960171,bra accessory,7207
http://www.wikidata.org/entity/Q116960175,breast enhancing insert,7210
http://www.wikidata.org/entity/Q117208960,fly tying material,7217
http://www.wikidata.org/entity/Q117208470,basketball hoop padding,7251
http://www.wikidata.org/entity/Q116960864,lampe de pupitre,7280
http://www.wikidata.org/entity/Q116971358,cooking thermometer accessory,7331
http://www.wikidata.org/entity/Q116036963,ice bin,7353
http://www.wikidata.org/entity/Q117207803,garment shield,7457
http://www.wikidata.org/entity/Q116960276,costume accessory set,8017
http://www.wikidata.org/entity/Q116961225,gift tags & label,8213
http://www.wikidata.org/entity/Q116036883,check presenter,8532
http://www.wikidata.org/entity/Q1253857,bolt cutter,1181
http://www.wikidata.org/entity/Q715542,krupuk,1445
http://www.wikidata.org/entity/Q323840,lubrifiant,1753
http://www.wikidata.org/entity/Q116970916,water softener,1952
http://www.wikidata.org/entity/Q476492,pochette plastique,2139
http://www.wikidata.org/entity/Q116970749,"cement, mortar & concrete mix",2282
http://www.wikidata.org/entity/Q116971233,knife guide,2330
http://www.wikidata.org/entity/Q4308705,pipe coupling,2359
http://www.wikidata.org/entity/Q1757989,set de table,2547
http://www.wikidata.org/entity/Q117209187,motor vehicle wheel part,2556
http://www.wikidata.org/entity/Q117209192,car wash solution,2590
http://www.wikidata.org/entity/Q49007,fil textile,2669
http://www.wikidata.org/entity/Q117207798,drying racks & hanger,2677
http://www.wikidata.org/entity/Q815530,confetti,2781
http://www.wikidata.org/entity/Q12180,heurtoir,2795
http://www.wikidata.org/entity/Q3246832,objet de toilette,2915
http://www.wikidata.org/entity/Q1160505,poudre,2980
http://www.wikidata.org/entity/Q117208867,climbing webbing,3369
http://www.wikidata.org/entity/Q11436,aéronef,3395
http://www.wikidata.org/entity/Q160525,bretzel,3446
http://www.wikidata.org/entity/Q116037399,remote control helicopter,3554
http://www.wikidata.org/entity/Q115157326,soldering iron stand,3629
http://www.wikidata.org/entity/Q117207604,floor & grandfather clock,3696
http://www.wikidata.org/entity/Q192425,carte postale,3871
http://www.wikidata.org/entity/Q117208036,serveware,4026
http://www.wikidata.org/entity/Q116037099,American football autographed paraphernalia,4124
http://www.wikidata.org/entity/Q117208900,bicycle bottom bracket,4590
http://www.wikidata.org/entity/Q132734,Fagopyrum esculentum,4684
http://www.wikidata.org/entity/Q117207475,lip balms & treatment,482
http://www.wikidata.org/entity/Q116961067,clarinet pad saver,4827
http://www.wikidata.org/entity/Q116961137,saxophone swab,4862
http://www.wikidata.org/entity/Q134548591,outdoor bench,5044
http://www.wikidata.org/entity/Q116958182,pet muzzle,5144
http://www.wikidata.org/entity/Q117207318,model trains & train set,5150
http://www.wikidata.org/entity/Q116970516,printer ribbon,5260
http://www.wikidata.org/entity/Q116961569,signature capture pad,5310
http://www.wikidata.org/entity/Q42889,véhicule,5614
http://www.wikidata.org/entity/Q241987,houmous,5741
http://www.wikidata.org/entity/Q840171,crème aigre,5787
http://www.wikidata.org/entity/Q855373,glace à l'eau,5789
http://www.wikidata.org/entity/Q117208338,receipt & adding machine paper roll,5919
http://www.wikidata.org/entity/Q104602244,tapis,598
http://www.wikidata.org/entity/Q17117536,transfer paper,6110
http://www.wikidata.org/entity/Q1516358,dress form,6150
http://www.wikidata.org/entity/Q259550,vin cuit,6204
http://www.wikidata.org/entity/Q384873,laisse,6249
http://www.wikidata.org/entity/Q117207587,artificial flora,6265
http://www.wikidata.org/entity/Q116970631,wine & liquor cabinet,6357
http://www.wikidata.org/entity/Q116970696,accent table,6369
http://www.wikidata.org/entity/Q116971407,oil & vinegar dispenser,6526
http://www.wikidata.org/entity/Q156884,roquette,6569
http://www.wikidata.org/entity/Q379813,haricot,6577
http://www.wikidata.org/entity/Q117209327,motor vehicle cargo net,6744
http://www.wikidata.org/entity/Q764324,Scie cloche,6806
http://www.wikidata.org/entity/Q116961343,baby & pet gate accessory,6869
http://www.wikidata.org/entity/Q116961965,blade server enclosure,6932
http://www.wikidata.org/entity/Q76605,couscous,7196
http://www.wikidata.org/entity/Q116221337,PAP mask,7316
http://www.wikidata.org/entity/Q116958020,bird cage food & water dish,7386
http://www.wikidata.org/entity/Q116960307,bicycle cleat cover,7453
http://www.wikidata.org/entity/Q12128,odontologie,7497
http://www.wikidata.org/entity/Q117207773,dishwasher cleaner,7510
http://www.wikidata.org/entity/Q117207741,powered hand fans & mister,7527
http://www.wikidata.org/entity/Q117207493,earplug dispenser,7542
http://www.wikidata.org/entity/Q117208574,practice nets & screen,8077
http://www.wikidata.org/entity/Q6467314,laboratory specimen,8119
http://www.wikidata.org/entity/Q116221684,mascara primer,8219
http://www.wikidata.org/entity/Q117209426,"cars, trucks & van",916
http://www.wikidata.org/entity/Q117208646,exercise & fitness product,990
http://www.wikidata.org/entity/Q2393176,ski alpin,1158
http://www.wikidata.org/entity/Q21550927,équipement récréatif,1239
http://www.wikidata.org/entity/Q892774,tisonnier,1530
http://www.wikidata.org/entity/Q117208357,laminator,1625
http://www.wikidata.org/entity/Q13742,jarretière,1675
http://www.wikidata.org/entity/Q1396432,rouleau de peinture,1774
http://www.wikidata.org/entity/Q962420,interrupteur,1935
http://www.wikidata.org/entity/Q116970885,sink accessory,1963
http://www.wikidata.org/entity/Q124441,lave-linge,2195
http://www.wikidata.org/entity/Q117207381,enlarging equipment,2520
http://www.wikidata.org/entity/Q143567,prothèse dentaire complète,2527
http://www.wikidata.org/entity/Q181331,Post-it,2689
http://www.wikidata.org/entity/Q171495,matelas,2696
http://www.wikidata.org/entity/Q117208205,pool skimmer,2755
http://www.wikidata.org/entity/Q116971190,chimney brush,2792
http://www.wikidata.org/entity/Q116961227,papier cadeau,2816
http://www.wikidata.org/entity/Q116970593,motor vehicle subwoofer,2833
http://www.wikidata.org/entity/Q117209183,motor vehicle tire accessory,2989
http://www.wikidata.org/entity/Q116960144,rain suit,3066
http://www.wikidata.org/entity/Q103896,compas,3083
http://www.wikidata.org/entity/Q107196722,cot,3089
http://www.wikidata.org/entity/Q116971388,kitchen counter & beverage station organizer,3177
http://www.wikidata.org/entity/Q2281788,aquarium public,3238
http://www.wikidata.org/entity/Q117208442,american football chin strap,3247
http://www.wikidata.org/entity/Q117207970,vacuum sealer accessory,3523
http://www.wikidata.org/entity/Q117208722,bowling glove,3535
http://www.wikidata.org/entity/Q116037313,art & drawing toy,3731
http://www.wikidata.org/entity/Q117207953,outdoor grill cover,3855
http://www.wikidata.org/entity/Q117208595,rugby posts,3881
http://www.wikidata.org/entity/Q47530913,filet de tennis,3961
http://www.wikidata.org/entity/Q116960303,cycling apparel & accessory,3982
http://www.wikidata.org/entity/Q116961914,wire & cable tie,4016
http://www.wikidata.org/entity/Q101761,fermeture éclair,4174
http://www.wikidata.org/entity/Q1064858,bureau,4191
http://www.wikidata.org/entity/Q117207445,garden hose storage,4199
http://www.wikidata.org/entity/Q117209341,vehicle cargo rack,4240
http://www.wikidata.org/entity/Q162339,stéthoscope,4364
http://www.wikidata.org/entity/Q117208895,bicycle brake rotor,4576
http://www.wikidata.org/entity/Q117207936,food dehydrator accessory,4653
http://www.wikidata.org/entity/Q16000094,Flameless candle,4770
http://www.wikidata.org/entity/Q116961117,oboe small part,4851
http://www.wikidata.org/entity/Q127933,feu d'artifice,4914
http://www.wikidata.org/entity/Q117208425,web design software,4954
http://www.wikidata.org/entity/Q1202392,Boule lavante,5084
http://www.wikidata.org/entity/Q116958185,pet playpen,5087
http://www.wikidata.org/entity/Q117207470,watch repair kit,5124
http://www.wikidata.org/entity/Q116961328,baby health product,5252
http://www.wikidata.org/entity/Q483444,kimono,5343
http://www.wikidata.org/entity/Q326717,point d'accès sans fil,5496
http://www.wikidata.org/entity/Q117207594,bird & wildlife feeder accessory,5521
http://www.wikidata.org/entity/Q117208876,bicycle computer accessory,5540
http://www.wikidata.org/entity/Q116970947,electrical plug cap,5627
http://www.wikidata.org/entity/Q749249,tiare,5914
http://www.wikidata.org/entity/Q117208332,business forms & receipt,5918
http://www.wikidata.org/entity/Q12069731,space heater,611
http://www.wikidata.org/entity/Q116037156,tennis fan accessory,6187
http://www.wikidata.org/entity/Q443771,Attache parisienne,6319
http://www.wikidata.org/entity/Q116970622,media storage cabinets & rack,6358
http://www.wikidata.org/entity/Q115609509,Feijoa fruit,6614
http://www.wikidata.org/entity/Q13200345,sapodilla,6688
http://www.wikidata.org/entity/Q4087,ammoniac,6795
http://www.wikidata.org/entity/Q116960862,accessoire de pupitre de musique,7277
http://www.wikidata.org/entity/Q748455,cajón,7297
http://www.wikidata.org/entity/Q116037325,ball pit ball,7312
http://www.wikidata.org/entity/Q116970407,tablet computer part,7349
http://www.wikidata.org/entity/Q117207631,house numbers & letter,7382
http://www.wikidata.org/entity/Q117207941,freezer accessory,7570
http://www.wikidata.org/entity/Q1139975,moule à gaufres,764
http://www.wikidata.org/entity/Q116958035,cat litter box liner,8069
http://www.wikidata.org/entity/Q117207332,camera accessory set,8174
http://www.wikidata.org/entity/Q116961796,reel-to-reel tape players & recorders,8271
http://www.wikidata.org/entity/Q11385995,Fusee,8445
http://www.wikidata.org/entity/Q746448,autocaravane,920
http://www.wikidata.org/entity/Q117208706,billiard,1003
http://www.wikidata.org/entity/Q11422,jouet,1253
http://www.wikidata.org/entity/Q117208392,mounting board,1627
http://www.wikidata.org/entity/Q116971213,work platform,1809
http://www.wikidata.org/entity/Q116970958,power outlets & socket,1869
http://www.wikidata.org/entity/Q3045295,Détecteur-avertisseur autonome de monoxyde de carbone,2164
http://www.wikidata.org/entity/Q1354040,blouse,2292
http://www.wikidata.org/entity/Q1370219,poêle à bois,2639
http://www.wikidata.org/entity/Q81727,tasse,2712
http://www.wikidata.org/entity/Q116961606,hardhat,2723
http://www.wikidata.org/entity/Q2915329,maillot de corps,2745
http://www.wikidata.org/entity/Q115634795,cuticle scissors,3037
http://www.wikidata.org/entity/Q82744,scanner,306
http://www.wikidata.org/entity/Q13996503,spatule,3256
http://www.wikidata.org/entity/Q116037417,american football toy,3371
http://www.wikidata.org/entity/Q798886,bonnet de bain,3807
http://www.wikidata.org/entity/Q924588,casse-tête mécanique,4011
http://www.wikidata.org/entity/Q748770,commande de vitesse,4594
http://www.wikidata.org/entity/Q116971416,rolling pin accessory,4705
http://www.wikidata.org/entity/Q116961127,saxophone accessory,4794
http://www.wikidata.org/entity/Q116961065,clarinet care kit,4826
http://www.wikidata.org/entity/Q10568696,fer à friser,489
http://www.wikidata.org/entity/Q28454444,toothbrush sanitizer,4942
http://www.wikidata.org/entity/Q117208479,boxing & martial arts body protector,499723
http://www.wikidata.org/entity/Q116958209,reptile & amphibian habitat,5029
http://www.wikidata.org/entity/Q116960543,thread & yarn tool,505387
http://www.wikidata.org/entity/Q117207757,steam press,5140
http://www.wikidata.org/entity/Q1457473,hydropulseur,5295
http://www.wikidata.org/entity/Q117208408,flower girl basket,5456
http://www.wikidata.org/entity/Q117207952,outdoor grill cart,5670
http://www.wikidata.org/entity/Q116960159,kimono outerwear,5673
http://www.wikidata.org/entity/Q117207645,novelty sign,5885
http://www.wikidata.org/entity/Q117208419,home & interior design software,6029
http://www.wikidata.org/entity/Q116037194,puppet theater product,6057
http://www.wikidata.org/entity/Q117207860,cookware & bakeware product,6070
http://www.wikidata.org/entity/Q116960461,jewelry & beading wire,6102
http://www.wikidata.org/entity/Q3408188,protège-carte,6177
http://www.wikidata.org/entity/Q97097762,paddle,6288
http://www.wikidata.org/entity/Q5320,interrupteur,6459
http://www.wikidata.org/entity/Q116971411,pasta molds & stamp,6749
http://www.wikidata.org/entity/Q115634910,hand care product,6893
http://www.wikidata.org/entity/Q116971019,abrasive blaster accessory,6939
http://www.wikidata.org/entity/Q117208554,hockey stick care,7012
http://www.wikidata.org/entity/Q116971443,ice climbing tool,7060
http://www.wikidata.org/entity/Q116970883,shower walls & surround,7130
http://www.wikidata.org/entity/Q117207856,foil cutter,7139
http://www.wikidata.org/entity/Q116036851,bakery box,7303
http://www.wikidata.org/entity/Q116958218,small animal treat,7517
http://www.wikidata.org/entity/Q5483528,cash box,928
http://www.wikidata.org/entity/Q117209381,watercraft care product,1122
http://www.wikidata.org/entity/Q1928191,éclairage de sécurité,1436
http://www.wikidata.org/entity/Q116970697,sofa table,1602
http://www.wikidata.org/entity/Q116960179,long john,1807
http://www.wikidata.org/entity/Q731002,blouse d'hôpital,1898
http://www.wikidata.org/entity/Q380866,apprêt,2058
http://www.wikidata.org/entity/Q427457,huile alimentaire,2126
http://www.wikidata.org/entity/Q116961495,film & television product,2155
http://www.wikidata.org/entity/Q116961525,mining & quarrying product,2187
http://www.wikidata.org/entity/Q116961609,protective eyewear,2227
http://www.wikidata.org/entity/Q117208156,ceiling light fixture,2524
http://www.wikidata.org/entity/Q117207312,wine making product,2579
http://www.wikidata.org/entity/Q116037409,push & pedal riding vehicle,2724
http://www.wikidata.org/entity/Q116961607,hazardous material suit,2808
http://www.wikidata.org/entity/Q117208260,nunchuck,3092
http://www.wikidata.org/entity/Q178266,herbicide,3103
http://www.wikidata.org/entity/Q840330,cheval d'arçons,3182
http://www.wikidata.org/entity/Q117208715,billiard table parts & accessory,3183
http://www.wikidata.org/entity/Q117209085,skateboard truck,3192
http://www.wikidata.org/entity/Q117209001,clay pigeon thrower,3305
http://www.wikidata.org/entity/Q117207712,air purifier filter,3667
http://www.wikidata.org/entity/Q116037331,construction set toy,3805
http://www.wikidata.org/entity/Q117208747,dart,3839
http://www.wikidata.org/entity/Q116037382,pretend housekeeping toy,4004
http://www.wikidata.org/entity/Q207988,niveau à bulle,4081
http://www.wikidata.org/entity/Q117207884,sauté pan,4423
http://www.wikidata.org/entity/Q117207601,chair & sofa cushion,4453
http://www.wikidata.org/entity/Q117208907,bicycle seatpost clamp,4595
http://www.wikidata.org/entity/Q56147276,seasonings and spices,4608
http://www.wikidata.org/entity/Q115618791,"Oats, Grits & Hot Cereal",4690
http://www.wikidata.org/entity/Q116961075,élément de clarinette,4822
http://www.wikidata.org/entity/Q758870,éditeur audio,4952
http://www.wikidata.org/entity/Q117207782,pet odor & stain remover,4979
http://www.wikidata.org/entity/Q170477,cheminée,503005
http://www.wikidata.org/entity/Q1139104,fond d'écran,5035
http://www.wikidata.org/entity/Q117208407,aisle runner,503723
http://www.wikidata.org/entity/Q116958025,cat apparel,5082
http://www.wikidata.org/entity/Q117207839,hazardous waste container,5143
http://www.wikidata.org/entity/Q117207751,floor polishers & buffer,5294
http://www.wikidata.org/entity/Q363031,skort,5344
http://www.wikidata.org/entity/Q117207994,food heat lamp,5349
http://www.wikidata.org/entity/Q116960261,clothing & closet storage,5558
http://www.wikidata.org/entity/Q117207830,household storage container,5631
http://www.wikidata.org/entity/Q117209270,motorcycle chest & back protector,5959
http://www.wikidata.org/entity/Q116961831,mobile phone pre-paid cards & sim card,6030
http://www.wikidata.org/entity/Q1940083,bâton de hockey,6076
http://www.wikidata.org/entity/Q117208762,life jacket accessory,6496
http://www.wikidata.org/entity/Q116971420,salad dressing mixers & shaker,6497
http://www.wikidata.org/entity/Q503,banane,6574
http://www.wikidata.org/entity/Q10978,raisin,6626
http://www.wikidata.org/entity/Q117207745,outdoor misting system,6709
http://www.wikidata.org/entity/Q872,radiodiffusion,6886
http://www.wikidata.org/entity/Q116961617,work safety tether,7085
http://www.wikidata.org/entity/Q117207422,dowel pins & rod,7270
http://www.wikidata.org/entity/Q116960896,hand percussion bags & case,7283
http://www.wikidata.org/entity/Q117207758,drawer & shelf liner,7351
http://www.wikidata.org/entity/Q116958045,dog diaper pads & liner,7372
http://www.wikidata.org/entity/Q117207697,fireplace andiron,7523
http://www.wikidata.org/entity/Q116037413,sports toy accessory,8127
http://www.wikidata.org/entity/Q117209265,motor vehicle brake caliper paint,8144
http://www.wikidata.org/entity/Q131748,moutarde,1387
http://www.wikidata.org/entity/Q152095,baignoire,1636
http://www.wikidata.org/entity/Q115634012,surgical gown,1645
http://www.wikidata.org/entity/Q116971195,rebar cutter,1824
http://www.wikidata.org/entity/Q116961577,paper & plastic shopping bag,1837
http://www.wikidata.org/entity/Q3578987,écran de cheminée,2365
http://www.wikidata.org/entity/Q128309,batterie,2518
http://www.wikidata.org/entity/Q116970679,outdoor table,2684
http://www.wikidata.org/entity/Q828361,serpillière,2713
http://www.wikidata.org/entity/Q117209236,vehicle grease,2735
http://www.wikidata.org/entity/Q116971393,paper towel holders & dispenser,3061
http://www.wikidata.org/entity/Q15148,spatule,3196
http://www.wikidata.org/entity/Q25056621,riding mower,3311
http://www.wikidata.org/entity/Q1162303,serveur d'impression,3425
http://www.wikidata.org/entity/Q116961369,push & pull toy,3459
http://www.wikidata.org/entity/Q117208726,foosball table parts & accessory,3524
http://www.wikidata.org/entity/Q117208731,ping pong nets & post,3788
http://www.wikidata.org/entity/Q116971400,utensil & flatware tray,3831
http://www.wikidata.org/entity/Q117208291,binding supply,4312
http://www.wikidata.org/entity/Q116961375,baby & toddler car seat accessory,4486
http://www.wikidata.org/entity/Q116221438,produit cosmétique,473
http://www.wikidata.org/entity/Q407204,hypochlorite de sodium,4982
http://www.wikidata.org/entity/Q116961910,cable tie gun,500036
http://www.wikidata.org/entity/Q116958052,dog treat,5011
http://www.wikidata.org/entity/Q117208430,font,5036
http://www.wikidata.org/entity/Q116960459,craft pipe cleaner,5062
http://www.wikidata.org/entity/Q117207714,fan accessory,5089
http://www.wikidata.org/entity/Q1370241,borne interactive,5255
http://www.wikidata.org/entity/Q117208050,gardening accessory,5632
http://www.wikidata.org/entity/Q117207305,hobbies & creative art product,5710
http://www.wikidata.org/entity/Q116961413,baby snack,5720
http://www.wikidata.org/entity/Q253097,mélange étudiant,5745
http://www.wikidata.org/entity/Q945934,sauce au jus de viande,5762
http://www.wikidata.org/entity/Q1146526,déshumidificateur,607
http://www.wikidata.org/entity/Q117209417,watercraft lighting,6293
http://www.wikidata.org/entity/Q116970652,bedroom furniture set,6346
http://www.wikidata.org/entity/Q117207863,bread pans & mold,642
http://www.wikidata.org/entity/Q117207612,decorative tray,6456
http://www.wikidata.org/entity/Q117207911,food storage accessory,6478
http://www.wikidata.org/entity/Q103566559,borage leaf,6587
http://www.wikidata.org/entity/Q47722,brocoli,6591
http://www.wikidata.org/entity/Q13191,orange,6658
http://www.wikidata.org/entity/Q117207622,fountains & waterfall,6763
http://www.wikidata.org/entity/Q116961608,protective apron,6764
http://www.wikidata.org/entity/Q116970964,wall socket controls & sensor,6833
http://www.wikidata.org/entity/Q1568226,substitut de fromage,6839
http://www.wikidata.org/entity/Q2577476,pantalon d'équitation,6914
http://www.wikidata.org/entity/Q1413942,manutention,6987
http://www.wikidata.org/entity/Q116037339,bobblehead figure,7114
http://www.wikidata.org/entity/Q116960251,wig cap,7307
http://www.wikidata.org/entity/Q116971378,food steaming bag,7329
http://www.wikidata.org/entity/Q1356797,fishing gaff,7342
http://www.wikidata.org/entity/Q117208905,bicycle headset,7477
http://www.wikidata.org/entity/Q116961175,hand bells & chime,7555
http://www.wikidata.org/entity/Q117208719,billiard table cover,8065
http://www.wikidata.org/entity/Q116958051,dog treadmill,8123
http://www.wikidata.org/entity/Q116971457,vehicle tire repair & tire changing tool,8261
http://www.wikidata.org/entity/Q21550603,file box,925
http://www.wikidata.org/entity/Q117208740,throwing dart product,1005
http://www.wikidata.org/entity/Q117209404,watercraft engines & motor,1125
http://www.wikidata.org/entity/Q25294,marteau,1186
http://www.wikidata.org/entity/Q116971232,flow meters & controller,1640
http://www.wikidata.org/entity/Q98296331,shoe brush,1874
http://www.wikidata.org/entity/Q2097438,étau limeur,1923
http://www.wikidata.org/entity/Q117208404,religious veil,1949
http://www.wikidata.org/entity/Q7434,uniforme,2306
http://www.wikidata.org/entity/Q116961611,fireman's mask,2349
http://www.wikidata.org/entity/Q116971042,industrial staple,2380
http://www.wikidata.org/entity/Q117207498,feminine pads & protector,2387
http://www.wikidata.org/entity/Q116960291,wallets & money clip,2668
http://www.wikidata.org/entity/Q117207675,wind wheels & spinner,2839
http://www.wikidata.org/entity/Q117209232,vehicle engine degreaser,2881
http://www.wikidata.org/entity/Q116220929,fitness & nutrition product,2890
http://www.wikidata.org/entity/Q117209259,vehicle windshield fluid,2943
http://www.wikidata.org/entity/Q12337,tire-bouchon,2976
http://www.wikidata.org/entity/Q787407,défibrillateur automatique,3230
http://www.wikidata.org/entity/Q117209071,skateboarding,3276
http://www.wikidata.org/entity/Q1076532,selle,3292
http://www.wikidata.org/entity/Q108854983,baster,3347
http://www.wikidata.org/entity/Q116220890,blood glucose meter accessory,3688
http://www.wikidata.org/entity/Q2916202,Emporte-pièce (pâtisserie),3850
http://www.wikidata.org/entity/Q347690,établi,3919
http://www.wikidata.org/entity/Q116037111,soccer autographed paraphernalia,4093
http://www.wikidata.org/entity/Q1824203,chaise transat,4105
http://www.wikidata.org/entity/Q117208324,shipping label,4200
http://www.wikidata.org/entity/Q11813459,plat sur pied,4372
http://www.wikidata.org/entity/Q117208098,chainsaw accessory,4565
http://www.wikidata.org/entity/Q771452,Pneumatique,4571
http://www.wikidata.org/entity/Q155972,tablette tactile,4745
http://www.wikidata.org/entity/Q116961150,woodwind cork grease,4866
http://www.wikidata.org/entity/Q8347,cornemuse,4984
http://www.wikidata.org/entity/Q117207460,air & filter dryer,500090
http://www.wikidata.org/entity/Q117207348,camera sun hoods & viewfinder attachment,503019
http://www.wikidata.org/entity/Q6499626,pet tag,5093
http://www.wikidata.org/entity/Q117209273,motorcycle goggle,5106
http://www.wikidata.org/entity/Q10282403,masque chirurgical,513
http://www.wikidata.org/entity/Q116960155,traditional & ceremonial clothing,5388
http://www.wikidata.org/entity/Q116961825,intercom accessory,5404
http://www.wikidata.org/entity/Q116960114,baby & toddler socks & tight,5423
http://www.wikidata.org/entity/Q179731,bicarbonate de sodium,5774
http://www.wikidata.org/entity/Q116221304,occupational & physical therapy equipment,5870
http://www.wikidata.org/entity/Q115618285,bakery assortement,5904
http://www.wikidata.org/entity/Q35197,miroir,595
http://www.wikidata.org/entity/Q116221092,medical identification tags & jewelry,5965
http://www.wikidata.org/entity/Q116960467,rhinestones & flatback,5982
http://www.wikidata.org/entity/Q116958187,pet stroller,6276
http://www.wikidata.org/entity/Q117208813,water ski cases & bag,6296
http://www.wikidata.org/entity/Q117208359,time & attendance clock,6404
http://www.wikidata.org/entity/Q117207672,vase fillers & table scatter,6424
http://www.wikidata.org/entity/Q117207525,tongue scraper,6441
http://www.wikidata.org/entity/Q4390562,solution pour lentilles de contact,6509
http://www.wikidata.org/entity/Q7223635,cardon,6596
http://www.wikidata.org/entity/Q117207847,waste container wheel,6758
http://www.wikidata.org/entity/Q57537492,horseradish sauce,6782
http://www.wikidata.org/entity/Q117207447,tool bag,6876
http://www.wikidata.org/entity/Q116958082,pet pedometer,6982
http://www.wikidata.org/entity/Q117207616,flag & windsock pole light,7420
http://www.wikidata.org/entity/Q116970435,e-book reader battery,7551
http://www.wikidata.org/entity/Q116961822,television circuit board,8516
http://www.wikidata.org/entity/Q571251,but,1113
http://www.wikidata.org/entity/Q117209110,raquette,1166
http://www.wikidata.org/entity/Q13049940,pince,1958
http://www.wikidata.org/entity/Q208103,soufflet,2044
http://www.wikidata.org/entity/Q116970864,plumbing waste,2170
http://www.wikidata.org/entity/Q22706,plaque d'immatriculation,2248
http://www.wikidata.org/entity/Q12034612,medicinal product,2496
http://www.wikidata.org/entity/Q798465,baking mix,2572
http://www.wikidata.org/entity/Q443533,séchoir,2612
http://www.wikidata.org/entity/Q117209228,vehicle fluid,2788
http://www.wikidata.org/entity/Q117208206,pool sweeps & vacuum,2997
http://www.wikidata.org/entity/Q117209396,watercraft impeller,3097
http://www.wikidata.org/entity/Q2310383,toy instrument,3252
http://www.wikidata.org/entity/Q12872,presse-purée,3294
http://www.wikidata.org/entity/Q7371603,router table,3300
http://www.wikidata.org/entity/Q116961746,microphone accessory,3306
http://www.wikidata.org/entity/Q116961031,guitar humidifier,3392
http://www.wikidata.org/entity/Q116037125,sports fan accessory,3515
http://www.wikidata.org/entity/Q117208868,indoor climbing hold,3518
http://www.wikidata.org/entity/Q116037412,robotic toy,3625
http://www.wikidata.org/entity/Q116221508,hand sanitizers & wipe,3691
http://www.wikidata.org/entity/Q443210,shag,3741
http://www.wikidata.org/entity/Q1139973,balle de cricket,3870
http://www.wikidata.org/entity/Q117209419,watercraft steering part,3995
http://www.wikidata.org/entity/Q117207996,steam table,4292
http://www.wikidata.org/entity/Q117207593,backrest pillow,4456
http://www.wikidata.org/entity/Q116961892,audio & video cable adapters & coupler,4463
http://www.wikidata.org/entity/Q116970539,toll collection device,4488
http://www.wikidata.org/entity/Q117207715,floor & steam cleaner accessory,4548
http://www.wikidata.org/entity/Q117209128,portable electronic game,4554
http://www.wikidata.org/entity/Q117207956,outdoor grill spits & basket,4560
http://www.wikidata.org/entity/Q116970414,electronics cleaner,4617
http://www.wikidata.org/entity/Q116961954,e-book reader case,4738
http://www.wikidata.org/entity/Q116961062,bassoon straps & support,4814
http://www.wikidata.org/entity/Q116961807,circuit board accessory,500027
http://www.wikidata.org/entity/Q117207881,grill press,5110
http://www.wikidata.org/entity/Q116970393,disk duplicator,5268
http://www.wikidata.org/entity/Q117208774,diving knives & shears,5312
http://www.wikidata.org/entity/Q1503993,haori,5678
http://www.wikidata.org/entity/Q3660407,viande en conserve,5811
http://www.wikidata.org/entity/Q3653635,logiciel de modélisation 3D,6027
http://www.wikidata.org/entity/Q116958071,aquatic plant fertilizer,6085
http://www.wikidata.org/entity/Q840333,épingle de sûreté,6101
http://www.wikidata.org/entity/Q3143131,poivre,6668
http://www.wikidata.org/entity/Q851782,vaisselle,672
http://www.wikidata.org/entity/Q1132541,joint,6732
http://www.wikidata.org/entity/Q116970943,circuit breaker panel,6807
http://www.wikidata.org/entity/Q86320628,balancelle de véranda,718
http://www.wikidata.org/entity/Q116958050,dog kennels & run,7274
http://www.wikidata.org/entity/Q117207844,pest control product,728
http://www.wikidata.org/entity/Q117207969,toaster accessory,7444
http://www.wikidata.org/entity/Q116970736,concrete & masonry cleaner,7504
http://www.wikidata.org/entity/Q117209012,wildlife attractant,8011
http://www.wikidata.org/entity/Q117208683,vibration exercise machine,8066
http://www.wikidata.org/entity/Q117209297,vehicle door locks & locking system,8303
http://www.wikidata.org/entity/Q117209296,vehicle door lock knob,8304
http://www.wikidata.org/entity/Q117209208,watercraft storage cover,8312
http://www.wikidata.org/entity/Q171888,gomme à effacer,938
http://www.wikidata.org/entity/Q117208965,golf product,1043
http://www.wikidata.org/entity/Q116037416,sports toy,1266
http://www.wikidata.org/entity/Q8486,café,1868
http://www.wikidata.org/entity/Q117207461,control panel,2238
http://www.wikidata.org/entity/Q117207834,storage hooks & rack,2446
http://www.wikidata.org/entity/Q117207901,insulated bag,2507
http://www.wikidata.org/entity/Q1163650,pare-soleil,2627
http://www.wikidata.org/entity/Q117209170,motor vehicle mirror,2642
http://www.wikidata.org/entity/Q117208865,climbing crash pad,3322
http://www.wikidata.org/entity/Q2750929,scie égoïne,3594
http://www.wikidata.org/entity/Q263057,fouet,3597
http://www.wikidata.org/entity/Q536168,nappe de table,4143
http://www.wikidata.org/entity/Q116960425,buttons & snap,4226
http://www.wikidata.org/entity/Q2933755,cale à poncer,4419
http://www.wikidata.org/entity/Q189940,chaîne de vélo,4587
http://www.wikidata.org/entity/Q131514,canapé,460
http://www.wikidata.org/entity/Q651103,fourche de bicyclette,4603
http://www.wikidata.org/entity/Q623170,Filtre pour aquarium,5020
http://www.wikidata.org/entity/Q20665993,denture adhesive,5155
http://www.wikidata.org/entity/Q1065579,accessoire de mode,5192
http://www.wikidata.org/entity/Q1570652,Panneau de brassage,5273
http://www.wikidata.org/entity/Q10810201,Cadeau invité,5452
http://www.wikidata.org/entity/Q116960183,contractor pants & coverall,5484
http://www.wikidata.org/entity/Q116971050,electrical testing tool accessory,5557
http://www.wikidata.org/entity/Q105491947,mât de tente,5658
http://www.wikidata.org/entity/Q8193047,cooking alcohol,5777
http://www.wikidata.org/entity/Q116037356,magnet toy,5872
http://www.wikidata.org/entity/Q116971326,hair styling tool,6019
http://www.wikidata.org/entity/Q116221681,lash & brow growth treatment,6340
http://www.wikidata.org/entity/Q117207780,household disinfectant,6474
http://www.wikidata.org/entity/Q16128920,fruits rouges,6582
http://www.wikidata.org/entity/Q117208181,indoor & outdoor plant,6762
http://www.wikidata.org/entity/Q117209320,vehicle warning whip,6966
http://www.wikidata.org/entity/Q116960411,incense making kit,6989
http://www.wikidata.org/entity/Q116961439,bassinet & cradle accessory,7068
http://www.wikidata.org/entity/Q117207822,animal & pet repellent,7137
http://www.wikidata.org/entity/Q12404135,toilet seat cover,7358
http://www.wikidata.org/entity/Q61670635,seigle,7374
http://www.wikidata.org/entity/Q116970819,sound dampening panels & foam,7439
http://www.wikidata.org/entity/Q116037304,ball & cup game,7519
http://www.wikidata.org/entity/Q116037422,fishing toy,8529
http://www.wikidata.org/entity/Q117208781,surfing product,1143
http://www.wikidata.org/entity/Q204260,rabot,1187
http://www.wikidata.org/entity/Q165112,pop-corn,1534
http://www.wikidata.org/entity/Q906997,ventouse,1563
http://www.wikidata.org/entity/Q11802494,cache mémoire,1665
http://www.wikidata.org/entity/Q425548,palette,1719
http://www.wikidata.org/entity/Q117208252,gun holster,1783
http://www.wikidata.org/entity/Q116961870,scan converter,2205
http://www.wikidata.org/entity/Q2442243,construction paper,2532
http://www.wikidata.org/entity/Q117208393,poster board,2674
http://www.wikidata.org/entity/Q116221609,nail files & emery board,2734
http://www.wikidata.org/entity/Q116221762,foundations & concealer,2765
http://www.wikidata.org/entity/Q116961244,noisemakers & party blower,2783
http://www.wikidata.org/entity/Q151771,chandelier,2784
http://www.wikidata.org/entity/Q1327480,batterie électronique,2856
http://www.wikidata.org/entity/Q117207743,furnaces & boiler,3082
http://www.wikidata.org/entity/Q116970456,camera battery charger,3130
http://www.wikidata.org/entity/Q117208840,windsurfing board mast,3285
http://www.wikidata.org/entity/Q116037334,interlocking block,3287
http://www.wikidata.org/entity/Q117207928,dishwasher parts & accessory,3443
http://www.wikidata.org/entity/Q117209002,clay pigeon,3528
http://www.wikidata.org/entity/Q5709296,cricket helmet,3543
http://www.wikidata.org/entity/Q1348860,microphone preamplifier (circuit),3945
http://www.wikidata.org/entity/Q115619219,vaporizer and eletronic cigarettes,4091
http://www.wikidata.org/entity/Q117208296,binding combs & spine,4182
http://www.wikidata.org/entity/Q268828,béquille,4248
http://www.wikidata.org/entity/Q192234,objectif photographique,4432
http://www.wikidata.org/entity/Q117207418,pull chain,4469
http://www.wikidata.org/entity/Q117207852,bottle stoppers & saver,4562
http://www.wikidata.org/entity/Q116961820,scanner circuit board,499675
http://www.wikidata.org/entity/Q117208086,porch swing accessory,499955
http://www.wikidata.org/entity/Q117207814,costume,5193
http://www.wikidata.org/entity/Q116970528,printer duplexer,5265
http://www.wikidata.org/entity/Q4491733,Phono stage,5369
http://www.wikidata.org/entity/Q41298,magazine,543539
http://www.wikidata.org/entity/Q517495,ghillie suit,5462
http://www.wikidata.org/entity/Q30693867,Motorcycle riding gear,5517
http://www.wikidata.org/entity/Q323808,audioprothèse,5690
http://www.wikidata.org/entity/Q115618507,cookie and brownie dough,5756
http://www.wikidata.org/entity/Q117208812,water ski binding,6302
http://www.wikidata.org/entity/Q116221700,blushes & bronzer,6305
http://www.wikidata.org/entity/Q116220893,blood glucose control solution,6323
http://www.wikidata.org/entity/Q116970653,kitchen & dining furniture set,6347
http://www.wikidata.org/entity/Q116970634,kitchen island,6374
http://www.wikidata.org/entity/Q115609456,Atemoya fruit,6571
http://www.wikidata.org/entity/Q115618486,batter or coating mix,6774
http://www.wikidata.org/entity/Q116970467,travel converters & adapter,7135
http://www.wikidata.org/entity/Q117208751,boating glove,7449
http://www.wikidata.org/entity/Q116221589,manicure & pedicure spacer,7494
http://www.wikidata.org/entity/Q117207966,steam table pan cover,8052
http://www.wikidata.org/entity/Q4327689,partition de musique imprimée,887
http://www.wikidata.org/entity/Q15783,skateboard,1059
http://www.wikidata.org/entity/Q117208255,gun rail,1822
http://www.wikidata.org/entity/Q5852,couverture,1985
http://www.wikidata.org/entity/Q869713,phare,2454
http://www.wikidata.org/entity/Q117209231,vehicle cooling system additive,2517
http://www.wikidata.org/entity/Q116037408,electric riding vehicle,2753
http://www.wikidata.org/entity/Q116971384,kitchen organizer,2948
http://www.wikidata.org/entity/Q117209177,motor vehicle wheel system,3020
http://www.wikidata.org/entity/Q1060581,springboard,3123
http://www.wikidata.org/entity/Q116960090,bicycle bib,3128
http://www.wikidata.org/entity/Q117208714,billiard table light,3469
http://www.wikidata.org/entity/Q6468880,balle de crosse,3536
http://www.wikidata.org/entity/Q116971422,ice scoop,3708
http://www.wikidata.org/entity/Q117208539,lacrosse mesh & string,3785
http://www.wikidata.org/entity/Q116960193,hockey uniform,3958
http://www.wikidata.org/entity/Q41331,cure-dent,4316
http://www.wikidata.org/entity/Q815249,juke-box,4652
http://www.wikidata.org/entity/Q116971404,kitchen utensil set,4765
http://www.wikidata.org/entity/Q116220922,prenatal heart rate monitor,4767
http://www.wikidata.org/entity/Q116961146,saxophone pegs & stand,4857
http://www.wikidata.org/entity/Q116958040,cat treat,5002
http://www.wikidata.org/entity/Q115633894,IV Poles & Carts,5174
http://www.wikidata.org/entity/Q116961716,karaoke chip,5396
http://www.wikidata.org/entity/Q116960110,baby & toddler dress,5424
http://www.wikidata.org/entity/Q116960280,costume hat,5426
http://www.wikidata.org/entity/Q116960105,paintball clothing,5555
http://www.wikidata.org/entity/Q2934727,CamelBak,5635
http://www.wikidata.org/entity/Q117209009,hunting dog equipment,5917
http://www.wikidata.org/entity/Q669610,contrôleur MIDI,6002
http://www.wikidata.org/entity/Q1196206,purificateur d'air,606
http://www.wikidata.org/entity/Q116960541,felting needles & machine,6134
http://www.wikidata.org/entity/Q116960457,unspun fiber,6140
http://www.wikidata.org/entity/Q116960548,thread & yarn spool,6154
http://www.wikidata.org/entity/Q117207479,skin care masks & peel,6262
http://www.wikidata.org/entity/Q117207766,duster refill,6263
http://www.wikidata.org/entity/Q117207809,duster refill,6263
http://www.wikidata.org/entity/Q116960410,fabric repair kit,6382
http://www.wikidata.org/entity/Q116960286,checkbook cover,6460
http://www.wikidata.org/entity/Q5869893,fruit à pain,6589
http://www.wikidata.org/entity/Q20134,légume-feuille,6622
http://www.wikidata.org/entity/Q25237,pois,6669
http://www.wikidata.org/entity/Q116221613,facial sauna product,6760
http://www.wikidata.org/entity/Q116961435,swaddling & receiving blanket,6899
http://www.wikidata.org/entity/Q7141038,party hat,6906
http://www.wikidata.org/entity/Q117208085,outdoor umbrellas & sunshade,719
http://www.wikidata.org/entity/Q116221616,foot file,7190
http://www.wikidata.org/entity/Q1960985,fire alarm control panel,7226
http://www.wikidata.org/entity/Q117207550,contact lens care kit,7363
http://www.wikidata.org/entity/Q118978194,wick,7402
http://www.wikidata.org/entity/Q117207819,wrinkle releasers & anti-static spray,7502
http://www.wikidata.org/entity/Q116971382,kitchen mold,8006
http://www.wikidata.org/entity/Q117208954,fishing reel replacement spool,8208
http://www.wikidata.org/entity/Q116037105,boxing autographed paraphernalia,8210
http://www.wikidata.org/entity/Q117208123,pole saw attachment,8489
http://www.wikidata.org/entity/Q117208917,bicycle wheel axles & skewer,8528
http://www.wikidata.org/entity/Q17152681,cycle à moteur,919
http://www.wikidata.org/entity/Q768186,articles de sport,988
http://www.wikidata.org/entity/Q117208454,baseball & softball product,1070
http://www.wikidata.org/entity/Q117207948,microwave oven accessory,1334
http://www.wikidata.org/entity/Q2588253,sangle pour animal,1491
http://www.wikidata.org/entity/Q117208383,paper jogger,1836
http://www.wikidata.org/entity/Q116970881,shower column,2088
http://www.wikidata.org/entity/Q122154,Galette de riz soufflé,2432
http://www.wikidata.org/entity/Q117207821,pest control trap,2631
http://www.wikidata.org/entity/Q116221676,eyebrow enhancer,2686
http://www.wikidata.org/entity/Q105825176,hair color,2814
http://www.wikidata.org/entity/Q124946,jardinage,2962
http://www.wikidata.org/entity/Q596566,trousse à crayon,3062
http://www.wikidata.org/entity/Q117208921,unicycle accessory,3070
http://www.wikidata.org/entity/Q117208802,towed water sport,3195
http://www.wikidata.org/entity/Q116971361,dish racks & drain board,3268
http://www.wikidata.org/entity/Q116037378,toy trucks & construction vehicle,3296
http://www.wikidata.org/entity/Q180049,kaléidoscope,3301
http://www.wikidata.org/entity/Q1805318,cross-country ski,3331
http://www.wikidata.org/entity/Q117208445,american football helmet padding,3343
http://www.wikidata.org/entity/Q3276479,tongs,4005
http://www.wikidata.org/entity/Q117208292,binder accessory,4086
http://www.wikidata.org/entity/Q117207536,electrolysis device,4509
http://www.wikidata.org/entity/Q116961766,loudspeaker management system,5597
http://www.wikidata.org/entity/Q117208034,flatware set,5647
http://www.wikidata.org/entity/Q117207958,smoking chips & pellet,5671
http://www.wikidata.org/entity/Q177378,tofu,5809
http://www.wikidata.org/entity/Q17012124,préparation aux situations d'urgence,5835
http://www.wikidata.org/entity/Q116960522,stencil machine,5883
http://www.wikidata.org/entity/Q5547483,motorcycling glove,5908
http://www.wikidata.org/entity/Q116221059,medical alarm system,5966
http://www.wikidata.org/entity/Q116221090,medical alarm system,5966
http://www.wikidata.org/entity/Q117209123,dice sets & game,6037
http://www.wikidata.org/entity/Q116221641,skin cleansing brushes & system,6260
http://www.wikidata.org/entity/Q188688,balançoire,6270
http://www.wikidata.org/entity/Q116958093,pet containment system,6321
http://www.wikidata.org/entity/Q117208345,office mat,6520
http://www.wikidata.org/entity/Q3274349,plancha,6524
http://www.wikidata.org/entity/Q117207906,candy bucket,6534
http://www.wikidata.org/entity/Q117208240,pole dancing kit,6536
http://www.wikidata.org/entity/Q2751465,coing,6679
http://www.wikidata.org/entity/Q2391283,Tamarinier,6698
http://www.wikidata.org/entity/Q115618544,Madroño fruit,6813
http://www.wikidata.org/entity/Q625957,crème fouettée,6821
http://www.wikidata.org/entity/Q5119811,cigar case,6882
http://www.wikidata.org/entity/Q116961445,high chair & booster seat accessory,6969
http://www.wikidata.org/entity/Q117207638,mailbox enclosure,7052
http://www.wikidata.org/entity/Q212500,rivet,7062
http://www.wikidata.org/entity/Q117207872,baking weight product,7131
http://www.wikidata.org/entity/Q117208053,potting bench,7184
http://www.wikidata.org/entity/Q248408,herbe de blé,7193
http://www.wikidata.org/entity/Q1940345,bassin de lit,7220
http://www.wikidata.org/entity/Q117209051,kite buggy accessory,7377
http://www.wikidata.org/entity/Q116960296,watch stickers & decal,7471
http://www.wikidata.org/entity/Q116037309,ribbon & streamer toy,7473
http://www.wikidata.org/entity/Q116036966,tilt skillet,7553
http://www.wikidata.org/entity/Q116958112,pet hair dryer,8167
http://www.wikidata.org/entity/Q117207542,shaving bowls & mug,8531
http://www.wikidata.org/entity/Q117208301,"calendars, organizers & planner",927
http://www.wikidata.org/entity/Q117208329,paper clips & clamp,936
http://www.wikidata.org/entity/Q377164,agrafe,948
http://www.wikidata.org/entity/Q672711,karrimat,1021
http://www.wikidata.org/entity/Q117208964,tackle bags & box,1041
http://www.wikidata.org/entity/Q8076,console de jeux vidéo,1294
http://www.wikidata.org/entity/Q116971215,light bulb changer,1603
http://www.wikidata.org/entity/Q117207572,shower rod,1962
http://www.wikidata.org/entity/Q116971268,pipe & tube cleaner,2053
http://www.wikidata.org/entity/Q117208431,stock photographs & video footage,2065
http://www.wikidata.org/entity/Q41354,vinaigre,2140
http://www.wikidata.org/entity/Q932999,cache-poussière,2250
http://www.wikidata.org/entity/Q1587665,Carton mousse,2263
http://www.wikidata.org/entity/Q117208159,picture light,2370
http://www.wikidata.org/entity/Q116961754,turntable accessory,2372
http://www.wikidata.org/entity/Q115619190,soup and broth,2423
http://www.wikidata.org/entity/Q116221539,makeup tool,2548
http://www.wikidata.org/entity/Q117209302,vehicle remote keyless system,2699
http://www.wikidata.org/entity/Q117208197,pool cleaners & chemical,3017
http://www.wikidata.org/entity/Q117208597,rugby headgear,3077
http://www.wikidata.org/entity/Q116037410,rocking & spring riding toy,3441
http://www.wikidata.org/entity/Q116037371,toy boat,3792
http://www.wikidata.org/entity/Q117208732,ping pong paddle accessory,3900
http://www.wikidata.org/entity/Q7995654,white noise machine,4056
http://www.wikidata.org/entity/Q117208369,pen ink & refill,4471
http://www.wikidata.org/entity/Q117208007,roaster ovens & rotisserie,4495
http://www.wikidata.org/entity/Q117207414,cabinet door,4699
http://www.wikidata.org/entity/Q116971428,spice grinder accessory,4788
http://www.wikidata.org/entity/Q1894990,rallonge électrique,4789
http://www.wikidata.org/entity/Q116961141,saxophone mouthpiece,4863
http://www.wikidata.org/entity/Q11789766,roller ski,500029
http://www.wikidata.org/entity/Q116960231,decorative fan,5114
http://www.wikidata.org/entity/Q116970590,motor vehicle speakerphone,5572
http://www.wikidata.org/entity/Q117208230,travel pouch,5650
http://www.wikidata.org/entity/Q116970472,signal jammer,5695
http://www.wikidata.org/entity/Q31176126,fabric shaver,5705
http://www.wikidata.org/entity/Q115618505,pâte à pain et à pâtisserie,5755
http://www.wikidata.org/entity/Q116961472,advertising & marketing product,5863
http://www.wikidata.org/entity/Q121569,aimantin,5876
http://www.wikidata.org/entity/Q116960512,craft scoring tool,6119
http://www.wikidata.org/entity/Q117208163,track lighting accessory,6272
http://www.wikidata.org/entity/Q116220910,blood pressure monitor accessory,6284
http://www.wikidata.org/entity/Q116753970,Aquarium fish feeder,6403
http://www.wikidata.org/entity/Q117208043,tureen lid,6427
http://www.wikidata.org/entity/Q117207686,stained-glass panel,6492
http://www.wikidata.org/entity/Q117208342,office & chair mat,6519
http://www.wikidata.org/entity/Q208364,wok,664
http://www.wikidata.org/entity/Q115634046,vital signs monitor acessory,6714
http://www.wikidata.org/entity/Q116970674,outdoor chair,6828
http://www.wikidata.org/entity/Q116961563,mannequin part,7128
http://www.wikidata.org/entity/Q116960173,bra straps & extender,7211
http://www.wikidata.org/entity/Q117209124,poker chip accessory,7383
http://www.wikidata.org/entity/Q117208282,power tool & equipment manual,7516
http://www.wikidata.org/entity/Q10816,jouet sexuel,778
http://www.wikidata.org/entity/Q116037343,paper & magnetic doll,8021
http://www.wikidata.org/entity/Q116970482,marine speaker,8473
http://www.wikidata.org/entity/Q117207399,fence picket,1352
http://www.wikidata.org/entity/Q116961879,splitter,1544
http://www.wikidata.org/entity/Q11882332,forestry & logging product,1827
http://www.wikidata.org/entity/Q902880,gas detector,1991
http://www.wikidata.org/entity/Q938683,casque de moto,2110
http://www.wikidata.org/entity/Q1267611,gel douche,2747
http://www.wikidata.org/entity/Q1031639,patin à roulettes,2837
http://www.wikidata.org/entity/Q117207335,camera digital back,298420
http://www.wikidata.org/entity/Q635982,boule de bowling,3219
http://www.wikidata.org/entity/Q116037379,pretend play toy,3229
http://www.wikidata.org/entity/Q117208436,american football goal post,3492
http://www.wikidata.org/entity/Q117208170,lighting timer,3522
http://www.wikidata.org/entity/Q2620445,transplantoir,3644
http://www.wikidata.org/entity/Q3388529,pilulier,3777
http://www.wikidata.org/entity/Q117208871,bicycle bags & pannier,3778
http://www.wikidata.org/entity/Q117208559,ice skate parts & accessory,3791
http://www.wikidata.org/entity/Q95630263,LED signs,4131
http://www.wikidata.org/entity/Q116960494,craft machine cases & cover,4580
http://www.wikidata.org/entity/Q117208967,golf bag accessory,4605
http://www.wikidata.org/entity/Q115607763,bean paste,4613
http://www.wikidata.org/entity/Q117208106,lawn mower bag,4645
http://www.wikidata.org/entity/Q115634280,microscope lamp bulb,4664
http://www.wikidata.org/entity/Q117207943,ice cream maker accessory,4674
http://www.wikidata.org/entity/Q116961051,string instrument polish,4912
http://www.wikidata.org/entity/Q117209194,vehicle fuel injection cleaning kit,499766
http://www.wikidata.org/entity/Q117208422,music composition software,5096
http://www.wikidata.org/entity/Q117207826,flatware chest,5128
http://www.wikidata.org/entity/Q116970513,printer maintenance kit,5262
http://www.wikidata.org/entity/Q3750977,robe de nuit,5513
http://www.wikidata.org/entity/Q115619045,unflavored gelatin,5768
http://www.wikidata.org/entity/Q117208065,beach mat,5911
http://www.wikidata.org/entity/Q117207505,hair coloring accessory,5977
http://www.wikidata.org/entity/Q116971174,hair styling tool accessory,6018
http://www.wikidata.org/entity/Q117209180,motorcycle rims & wheel,6088
http://www.wikidata.org/entity/Q117208385,pencil board,6178
http://www.wikidata.org/entity/Q115922189,hardware and hardware accessories,632
http://www.wikidata.org/entity/Q117207843,waste container enclosure,6726
http://www.wikidata.org/entity/Q187780,ocarina,7249
http://www.wikidata.org/entity/Q116961497,bullion,7565
http://www.wikidata.org/entity/Q117209224,vehicle shift boot,8463
http://www.wikidata.org/entity/Q117208472,basketball hoop,1082
http://www.wikidata.org/entity/Q116971258,nailers & stapler,1206
http://www.wikidata.org/entity/Q117208432,video game software,1279
http://www.wikidata.org/entity/Q1942300,modulator,1337
http://www.wikidata.org/entity/Q11882087,radar naval,1552
http://www.wikidata.org/entity/Q116961273,response card,1887
http://www.wikidata.org/entity/Q191529,papier peint,2334
http://www.wikidata.org/entity/Q213454,bac à sable,2743
http://www.wikidata.org/entity/Q131656,pesticide,2869
http://www.wikidata.org/entity/Q117209237,vehicle hydraulic clutch fluid,2916
http://www.wikidata.org/entity/Q117208191,diving board,2939
http://www.wikidata.org/entity/Q116970855,bathtub accessory,2996
http://www.wikidata.org/entity/Q116037305,bubble blowing solution,3212
http://www.wikidata.org/entity/Q14899,cuillère à pommes parisienne,3258
http://www.wikidata.org/entity/Q116037386,toy kitchens & play food,3298
http://www.wikidata.org/entity/Q117208040,sugar bowls & creamer,3373
http://www.wikidata.org/entity/Q117208489,boxing ring part,3411
http://www.wikidata.org/entity/Q117208886,bicycle stands & storage,3428
http://www.wikidata.org/entity/Q117209097,ski & snowboard goggle,3550
http://www.wikidata.org/entity/Q116960902,acoustic guitar pickup,3775
http://www.wikidata.org/entity/Q1521183,Pustefix,3874
http://www.wikidata.org/entity/Q117208471,basketball hoop post,4050
http://www.wikidata.org/entity/Q116961574,money deposit bag,4329
http://www.wikidata.org/entity/Q117207891,pressure cooker & canner accessory,4501
http://www.wikidata.org/entity/Q4743886,conteneur de recyclage,4517
http://www.wikidata.org/entity/Q117207728,patio heater cover,4651
http://www.wikidata.org/entity/Q116961108,oboe care kit,4849
http://www.wikidata.org/entity/Q116961377,baby carrier accessory,4916
http://www.wikidata.org/entity/Q116958103,pet food scoop,5163
http://www.wikidata.org/entity/Q116970512,printer filter,5266
http://www.wikidata.org/entity/Q117207535,hair clippers & trimmer,533
http://www.wikidata.org/entity/Q116960142,chap,5506
http://www.wikidata.org/entity/Q115921911,religious or ceremonial object,5605
http://www.wikidata.org/entity/Q117207914,twist ties & bag clip,5837
http://www.wikidata.org/entity/Q212920,appareil ménager,604
http://www.wikidata.org/entity/Q116037403,remote control robot,6059
http://www.wikidata.org/entity/Q117208544,hockey balls & puck,6077
http://www.wikidata.org/entity/Q116960473,filling & padding material,6142
http://www.wikidata.org/entity/Q15411420,fermeture autoagrippante,6145
http://www.wikidata.org/entity/Q116960505,blocking mat,6152
http://www.wikidata.org/entity/Q117208285,book cover,6176
http://www.wikidata.org/entity/Q116961438,baby & toddler furniture set,6349
http://www.wikidata.org/entity/Q253677,GPS tracking unit,6544
http://www.wikidata.org/entity/Q181560,carambole,6594
http://www.wikidata.org/entity/Q13195,lime,6642
http://www.wikidata.org/entity/Q116971362,dough wheel,6723
http://www.wikidata.org/entity/Q1652093,datte,6812
http://www.wikidata.org/entity/Q116958128,pet medical tape & bandage,6861
http://www.wikidata.org/entity/Q929470,raboteuse métal,6868
http://www.wikidata.org/entity/Q15331,gabarit,6907
http://www.wikidata.org/entity/Q116961335,pacifier clips & holder,7016
http://www.wikidata.org/entity/Q116971059,paint tool accessory,7019
http://www.wikidata.org/entity/Q116961442,crib bumpers & liner,7072
http://www.wikidata.org/entity/Q116961315,shower visor,7082
http://www.wikidata.org/entity/Q117208117,leaf blower accessory,7168
http://www.wikidata.org/entity/Q116961177,musical block,7291
http://www.wikidata.org/entity/Q1321104,tama,7301
http://www.wikidata.org/entity/Q48804519,ball pump needle,7435
http://www.wikidata.org/entity/Q117208101,grass edger accessory,7563
http://www.wikidata.org/entity/Q117208951,fishing reel accessory,8092
http://www.wikidata.org/entity/Q117209095,ski & snowboard goggle accessory,8203
http://www.wikidata.org/entity/Q117209205,golf cart storage cover,8314
http://www.wikidata.org/entity/Q117209359,truck bed storage boxes & organizer,8378
http://www.wikidata.org/entity/Q1370617,échelle de valeurs,1698
http://www.wikidata.org/entity/Q693340,ponton,2337
http://www.wikidata.org/entity/Q116971394,spice organizer,2344
http://www.wikidata.org/entity/Q3035707,don,2559
http://www.wikidata.org/entity/Q117207730,water heater accessory,2751
http://www.wikidata.org/entity/Q117207684,curtains & drape,2882
http://www.wikidata.org/entity/Q117207552,eye drops & lubricant,2922
http://www.wikidata.org/entity/Q116221819,cuticle cream & oil,3009
http://www.wikidata.org/entity/Q117209363,watercraft parts & accessory,3391
http://www.wikidata.org/entity/Q12360,décapsuleur,3427
http://www.wikidata.org/entity/Q117207722,laundry appliance accessory,3456
http://www.wikidata.org/entity/Q175334,brouette,3616
http://www.wikidata.org/entity/Q81980,baguettes,3699
http://www.wikidata.org/entity/Q117208112,lawn mower pulleys & idler,4644
http://www.wikidata.org/entity/Q116971171,saw stand,4659
http://www.wikidata.org/entity/Q117207890,pot & pan lid,4660
http://www.wikidata.org/entity/Q116221558,facial mirror,476
http://www.wikidata.org/entity/Q116960849,brass instrument cleaning tool,4890
http://www.wikidata.org/entity/Q116971287,tool set,4919
http://www.wikidata.org/entity/Q117207785,tub & tile cleaner,4981
http://www.wikidata.org/entity/Q117209022,paintball & airsoft glove,499836
http://www.wikidata.org/entity/Q116970581,electronics manual,5038
http://www.wikidata.org/entity/Q116960111,baby & toddler outerwear,5425
http://www.wikidata.org/entity/Q116960227,bridal accessory,5443
http://www.wikidata.org/entity/Q116960204,arm warmers & sleeve,5942
http://www.wikidata.org/entity/Q116970618,cabinets & storage product,6356
http://www.wikidata.org/entity/Q19793,balançoire à bascule,6450
http://www.wikidata.org/entity/Q36940,canne à sucre,6694
http://www.wikidata.org/entity/Q68492702,taco shell,6891
http://www.wikidata.org/entity/Q117207699,hearth pad,7091
http://www.wikidata.org/entity/Q116960891,drum stick & brush bags & holder,7151
http://www.wikidata.org/entity/Q116960169,traditional leather pants,7281
http://www.wikidata.org/entity/Q117208075,canopy weight,7424
http://www.wikidata.org/entity/Q116958049,dog kennel & run accessory,7428
http://www.wikidata.org/entity/Q116960561,craft mold,8007
http://www.wikidata.org/entity/Q117209016,"wildlife bait, feed & mineral",8081
http://www.wikidata.org/entity/Q116961903,hdmi splitters & switch,8164
http://www.wikidata.org/entity/Q117208818,water sport board storage rack,8173
http://www.wikidata.org/entity/Q117209107,snowboard binding,1162
http://www.wikidata.org/entity/Q683363,cotre,1180
http://www.wikidata.org/entity/Q116961364,baby walkers & entertainer,1241
http://www.wikidata.org/entity/Q682582,doudou,1259
http://www.wikidata.org/entity/Q117207544,styptic pencil,2508
http://www.wikidata.org/entity/Q1424515,fusain,2623
http://www.wikidata.org/entity/Q11702361,stockage des aliments,2626
http://www.wikidata.org/entity/Q1151042,essuie-tout,2742
http://www.wikidata.org/entity/Q324120,mascara,2834
http://www.wikidata.org/entity/Q117209033,paintball hopper,3152
http://www.wikidata.org/entity/Q117209411,watercraft fuel lines & part,3415
http://www.wikidata.org/entity/Q117208614,tennis ball saver,3565
http://www.wikidata.org/entity/Q117209399,watercraft motor mount,3566
http://www.wikidata.org/entity/Q117208839,windsurfing board fin,3908
http://www.wikidata.org/entity/Q25377999,intercalaire,4183
http://www.wikidata.org/entity/Q116961585,electric sign,4297
http://www.wikidata.org/entity/Q116970662,conference room table,4317
http://www.wikidata.org/entity/Q117207899,drink sleeve,4520
http://www.wikidata.org/entity/Q16639345,gobelet jetable,5099
http://www.wikidata.org/entity/Q49737,barbe à papa,5105
http://www.wikidata.org/entity/Q115633834,medical furniture,5167
http://www.wikidata.org/entity/Q116971176,hair curler clips & pin,5317
http://www.wikidata.org/entity/Q117207386,light meter accessory,5499
http://www.wikidata.org/entity/Q116960161,bridal kimono,5684
http://www.wikidata.org/entity/Q116961600,security sign,5893
http://www.wikidata.org/entity/Q116037344,puppet & puppet theater accessory,6056
http://www.wikidata.org/entity/Q117208350,mail cart,6181
http://www.wikidata.org/entity/Q116970737,de-icer,6191
http://www.wikidata.org/entity/Q117208041,serveware accessory,6425
http://www.wikidata.org/entity/Q43304555,manioc,6705
http://www.wikidata.org/entity/Q117208504,penalty cards & flag,6729
http://www.wikidata.org/entity/Q116958073,pet apparel hanger,6811
http://www.wikidata.org/entity/Q116970670,outdoor bed,6892
http://www.wikidata.org/entity/Q1096423,contrevent,6943
http://www.wikidata.org/entity/Q7338813,rivet gun,7064
http://www.wikidata.org/entity/Q44475,lance,7175
http://www.wikidata.org/entity/Q116961356,baby activity toy,7198
http://www.wikidata.org/entity/Q8352357,Couteau électrique,741
http://www.wikidata.org/entity/Q116970743,septic tank & cesspool treatment,7470
http://www.wikidata.org/entity/Q12294124,extracteur de jus,750
http://www.wikidata.org/entity/Q116961605,gas mask & respirator accessory,8269
http://www.wikidata.org/entity/Q116961819,"printer, copier, & fax machine circuit board",8544
http://www.wikidata.org/entity/Q117208305,file folder,930
http://www.wikidata.org/entity/Q1754157,déboucheur,1749
http://www.wikidata.org/entity/Q116961603,bullet proof vest,2389
http://www.wikidata.org/entity/Q117207446,tool & equipment belt,2485
http://www.wikidata.org/entity/Q8243409,Ligneur,2807
http://www.wikidata.org/entity/Q117207915,kitchen appliance accessory,2901
http://www.wikidata.org/entity/Q117209054,badminton net,3107
http://www.wikidata.org/entity/Q116971402,grill scraper,3633
http://www.wikidata.org/entity/Q376,horloge,3890
http://www.wikidata.org/entity/Q11833715,raquette de squash,4002
http://www.wikidata.org/entity/Q116970814,gutter accessory,4544
http://www.wikidata.org/entity/Q117208899,bicycle drivetrain part,4585
http://www.wikidata.org/entity/Q117207938,food dehydrator tray,4654
http://www.wikidata.org/entity/Q117207702,wood stove fans & blower,4918
http://www.wikidata.org/entity/Q116958212,small animal bedding,5014
http://www.wikidata.org/entity/Q116960421,drawing & painting paper,505400
http://www.wikidata.org/entity/Q1762742,pelle à neige,5363
http://www.wikidata.org/entity/Q117208135,ice scrapers & snow brush,5364
http://www.wikidata.org/entity/Q117208405,wedding ceremony supply,5455
http://www.wikidata.org/entity/Q116961834,mobile phone stand,5566
http://www.wikidata.org/entity/Q117208859,tent footprint,5656
http://www.wikidata.org/entity/Q1109118,table lumineuse,5921
http://www.wikidata.org/entity/Q116970624,storage cabinets & locker,5938
http://www.wikidata.org/entity/Q116971143,power tool battery,6295
http://www.wikidata.org/entity/Q116958105,pet grooming supply,6383
http://www.wikidata.org/entity/Q116960102,motorcycle pants,7003
http://www.wikidata.org/entity/Q116036923,disposable serveware,7088
http://www.wikidata.org/entity/Q117208102,hedge trimmer accessory,7265
http://www.wikidata.org/entity/Q115619132,sticky rice cake,7327
http://www.wikidata.org/entity/Q117209006,hunting & shooting jacket,7518
http://www.wikidata.org/entity/Q117209088,skateboarding glove,7789
http://www.wikidata.org/entity/Q117208670,exercise wedge,8471
http://www.wikidata.org/entity/Q116961882,thin & zero client,8539
http://www.wikidata.org/entity/Q116961817,household appliance circuit board,8545
http://www.wikidata.org/entity/Q1455572,Gilet de stabilisation,1136
http://www.wikidata.org/entity/Q117208061,sands & soil,1794
http://www.wikidata.org/entity/Q861934,tapis de souris,1993
http://www.wikidata.org/entity/Q13722,porte-jarretelles,2160
http://www.wikidata.org/entity/Q116970876,shower part,2206
http://www.wikidata.org/entity/Q116970950,electrical wires & cable,2345
http://www.wikidata.org/entity/Q37077,clou,2408
http://www.wikidata.org/entity/Q754396,masque à gaz,2473
http://www.wikidata.org/entity/Q117207756,laundry combo unit,2849
http://www.wikidata.org/entity/Q117207326,camera lens accessory,2911
http://www.wikidata.org/entity/Q117207549,contact lens care,3011
http://www.wikidata.org/entity/Q3197973,Kneeboard,3101
http://www.wikidata.org/entity/Q5321,résistance,3424
http://www.wikidata.org/entity/Q111165681,prayer bead,3923
http://www.wikidata.org/entity/Q509869,Plaque chauffante,4133
http://www.wikidata.org/entity/Q117208001,ice maker,4161
http://www.wikidata.org/entity/Q2281580,nébuliseur,4552
http://www.wikidata.org/entity/Q117209113,game timer,4648
http://www.wikidata.org/entity/Q117207727,patio heater accessory,4650
http://www.wikidata.org/entity/Q15645384,blé,4688
http://www.wikidata.org/entity/Q217941,panneau photovoltaïque,4714
http://www.wikidata.org/entity/Q116961118,oboe pegs & stand,4846
http://www.wikidata.org/entity/Q116961152,woodwind polishing cloth,4867
http://www.wikidata.org/entity/Q117208418,graphic design & illustration software,4951
http://www.wikidata.org/entity/Q3817604,mouche bébé,5253
http://www.wikidata.org/entity/Q115619069,butter and margarine,5827
http://www.wikidata.org/entity/Q117208129,tractor parts & accessory,5867
http://www.wikidata.org/entity/Q116961279,special effects controller,5967
http://www.wikidata.org/entity/Q116960514,embossing pens & stylus,6122
http://www.wikidata.org/entity/Q117209142,swing set & playset accessory,6269
http://www.wikidata.org/entity/Q117207488,ear dryer,6560
http://www.wikidata.org/entity/Q117207491,ear syringe,6561
http://www.wikidata.org/entity/Q116971272,rivet pliers,7066
http://www.wikidata.org/entity/Q116960885,drum head,7153
http://www.wikidata.org/entity/Q116961808,circuit decoders & encoder,7259
http://www.wikidata.org/entity/Q116961833,mobile phone replacement part,7347
http://www.wikidata.org/entity/Q1430867,faucet aerator,8115
http://www.wikidata.org/entity/Q117209161,motor vehicle control,8235
http://www.wikidata.org/entity/Q117209361,vehicle headrest hangers & hook,8475
http://www.wikidata.org/entity/Q22908868,sneeze guard,8533
http://www.wikidata.org/entity/Q1057985,décapeur thermique,1220
http://www.wikidata.org/entity/Q116037081,sword stands & display,1340
http://www.wikidata.org/entity/Q618211,optométrie,1380
http://www.wikidata.org/entity/Q327911,trampoline,1738
http://www.wikidata.org/entity/Q122195,tequila,2220
http://www.wikidata.org/entity/Q180044,ponce,2511
http://www.wikidata.org/entity/Q912760,papier photographique,2804
http://www.wikidata.org/entity/Q107194145,bath brush,2876
http://www.wikidata.org/entity/Q117207409,hardware accessory,2878
http://www.wikidata.org/entity/Q117208533,field hockey goal,3001
http://www.wikidata.org/entity/Q1465059,ciseaux de coiffure,3013
http://www.wikidata.org/entity/Q1527700,corde de guitare,3178
http://www.wikidata.org/entity/Q1884269,chalk bag,3211
http://www.wikidata.org/entity/Q117208742,dart part,3327
http://www.wikidata.org/entity/Q117208490,boxing ring,3652
http://www.wikidata.org/entity/Q117208983,golf training aid,3772
http://www.wikidata.org/entity/Q163373,pipette,4075
http://www.wikidata.org/entity/Q117208172,linens & bedding,4171
http://www.wikidata.org/entity/Q7579157,spoon rest,4334
http://www.wikidata.org/entity/Q116970699,kitchen & dining room table,4355
http://www.wikidata.org/entity/Q116221333,respiratory care product,4551
http://www.wikidata.org/entity/Q1377338,potence de bicyclette,4583
http://www.wikidata.org/entity/Q1936024,Balai mécanique,4677
http://www.wikidata.org/entity/Q116961048,string instrument care & cleaning,4806
http://www.wikidata.org/entity/Q117208278,household appliance manual,5039
http://www.wikidata.org/entity/Q116036964,plate & dish warmer,5104
http://www.wikidata.org/entity/Q116961033,guitar slide,5368
http://www.wikidata.org/entity/Q164668,hakama,5674
http://www.wikidata.org/entity/Q1204334,furisode,5682
http://www.wikidata.org/entity/Q115619200,cereal and granola bar,5747
http://www.wikidata.org/entity/Q116037083,scale model accessory,6000
http://www.wikidata.org/entity/Q117207678,curtain & drape ring,6256
http://www.wikidata.org/entity/Q117207608,decorative bottle,6317
http://www.wikidata.org/entity/Q1579465,monopalme,6512
http://www.wikidata.org/entity/Q14328596,chou,6592
http://www.wikidata.org/entity/Q117208509,sport & safety whistle,6730
http://www.wikidata.org/entity/Q117208971,golf ball marker,6864
http://www.wikidata.org/entity/Q13219842,tambour en gobelet,7299
http://www.wikidata.org/entity/Q111398790,fish spear,7343
http://www.wikidata.org/entity/Q115617924,fruit-flavored drink,8036
http://www.wikidata.org/entity/Q116961752,speaker stand bag,8047
http://www.wikidata.org/entity/Q117209171,motor vehicle power & electrical system,8231
http://www.wikidata.org/entity/Q117208341,tacks & pushpin,949
http://www.wikidata.org/entity/Q131436,jeu de société,1246
http://www.wikidata.org/entity/Q471447,fleuret,1496
http://www.wikidata.org/entity/Q116961915,audio & video cable,1867
http://www.wikidata.org/entity/Q116970912,water filter housing,2406
http://www.wikidata.org/entity/Q117209072,skate rail,3127
http://www.wikidata.org/entity/Q352328,point d'assurage,3266
http://www.wikidata.org/entity/Q117208325,shipping tag,4117
http://www.wikidata.org/entity/Q117208370,pencil lead & refill,4472
http://www.wikidata.org/entity/Q1347168,épilateur électrique,4510
http://www.wikidata.org/entity/Q3007072,cul de poule,4530
http://www.wikidata.org/entity/Q159998,basson,4540
http://www.wikidata.org/entity/Q117207324,surveillance camera lens,5346
http://www.wikidata.org/entity/Q116961246,cadeau invité de mariage,5453
http://www.wikidata.org/entity/Q117207327,lens & filter adapter ring,5588
http://www.wikidata.org/entity/Q1277336,tie-down straps,6297
http://www.wikidata.org/entity/Q116971387,kitchen cabinet organizer,6487
http://www.wikidata.org/entity/Q117208801,swimming nose clip,6515
http://www.wikidata.org/entity/Q115619085,vegetable dip,6830
http://www.wikidata.org/entity/Q116971330,emergency tools & kit,7058
http://www.wikidata.org/entity/Q7338813,rivet gun,7065
http://www.wikidata.org/entity/Q117207946,ice maker accessory,7187
http://www.wikidata.org/entity/Q270200,Conga,7296
http://www.wikidata.org/entity/Q216997,coupe menstruelle,8122
http://www.wikidata.org/entity/Q116970817,roofing shingles & tile,8270
http://www.wikidata.org/entity/Q117207353,underwater camera housing accessory,8535
http://www.wikidata.org/entity/Q116970584,motor vehicle amplifier,891
http://www.wikidata.org/entity/Q1046315,niveau,1191
http://www.wikidata.org/entity/Q44554,application de la loi,1556
http://www.wikidata.org/entity/Q116961918,system & power cable,1763
http://www.wikidata.org/entity/Q116970954,home automation kit,2413
http://www.wikidata.org/entity/Q1318740,lampe électrique,2425
http://www.wikidata.org/entity/Q116970752,paint binder,2474
http://www.wikidata.org/entity/Q117209188,motor vehicle window parts & accessory,2534
http://www.wikidata.org/entity/Q116037395,remote control toy,2546
http://www.wikidata.org/entity/Q117209196,"vehicle waxes, polishes & protectant",2643
http://www.wikidata.org/entity/Q117209086,skateboarding protective gear,3067
http://www.wikidata.org/entity/Q116971375,food graters & zester,3156
http://www.wikidata.org/entity/Q2369442,lanceur de paintball,3234
http://www.wikidata.org/entity/Q117207795,household thermometer,3355
http://www.wikidata.org/entity/Q117208090,walk-behind mower,3730
http://www.wikidata.org/entity/Q5884028,Portoir,4155
http://www.wikidata.org/entity/Q116037307,coiled spring toy,4177
http://www.wikidata.org/entity/Q116971234,sight level,4294
http://www.wikidata.org/entity/Q116970401,hard drive dock,4417
http://www.wikidata.org/entity/Q117208968,golf bag cart,4537
http://www.wikidata.org/entity/Q116961058,bassoon bocal,4816
http://www.wikidata.org/entity/Q116961115,oboe cases & gigbag,4844
http://www.wikidata.org/entity/Q115959335,cat litter,4999
http://www.wikidata.org/entity/Q116958077,pet bells & charm,5092
http://www.wikidata.org/entity/Q116036926,disposable cutlery,5100
http://www.wikidata.org/entity/Q116971335,shoe horns & dressing aid,5601
http://www.wikidata.org/entity/Q207968,guacamole,5742
http://www.wikidata.org/entity/Q13896070,motorcycle kidney belt,5960
http://www.wikidata.org/entity/Q116970650,furniture set,6345
http://www.wikidata.org/entity/Q117208022,coffee servers & tea pot,652
http://www.wikidata.org/entity/Q117208079,outdoor umbrella & sunshade accessory,6751
http://www.wikidata.org/entity/Q2487743,congélateur,681
http://www.wikidata.org/entity/Q2063661,entraînement à la propreté,6952
http://www.wikidata.org/entity/Q116961237,cocktail decoration,7007
http://www.wikidata.org/entity/Q117207634,mail slot,7436
http://www.wikidata.org/entity/Q116960308,bicycle cleat shims & wedge,7475
http://www.wikidata.org/entity/Q116970383,kvm switch,1562
http://www.wikidata.org/entity/Q117209289,automotive alarm system,1802
http://www.wikidata.org/entity/Q117207740,desk & pedestal fan,2535
http://www.wikidata.org/entity/Q117208616,racquet vibration dampener,3352
http://www.wikidata.org/entity/Q116971386,drinkware holder,3479
http://www.wikidata.org/entity/Q117207540,waxing kits & supply,4511
http://www.wikidata.org/entity/Q900183,lame,4558
http://www.wikidata.org/entity/Q116961132,saxophone care kit,4860
http://www.wikidata.org/entity/Q116958102,pet food container,5162
http://www.wikidata.org/entity/Q30693867,Motorcycle riding gear,5547
http://www.wikidata.org/entity/Q116960249,haarkrans,5915
http://www.wikidata.org/entity/Q117209340,vehicle boat rack,6047
http://www.wikidata.org/entity/Q116970686,wall shelves & ledge,6372
http://www.wikidata.org/entity/Q117207519,dental water jet replacement tip,6455
http://www.wikidata.org/entity/Q1059809,rhizome de lotus,6644
http://www.wikidata.org/entity/Q117209154,wooden & pegged puzzle,6725
http://www.wikidata.org/entity/Q117208082,outdoor umbrella cover,7107
http://www.wikidata.org/entity/Q116958036,cat litter box mat,7142
http://www.wikidata.org/entity/Q116970691,chair & sofa support,7213
http://www.wikidata.org/entity/Q3042984,décrottoir,8031
http://www.wikidata.org/entity/Q116958099,pet first aid & emergency kit,8068
http://www.wikidata.org/entity/Q117208289,desk pads & blotter,8078
http://www.wikidata.org/entity/Q117209164,motor vehicle engine,8137
http://www.wikidata.org/entity/Q117209311,motor vehicle roll cages & bar,8446
http://www.wikidata.org/entity/Q168658,poupée,1257
http://www.wikidata.org/entity/Q387683,networking cable,1480
http://www.wikidata.org/entity/Q959362,gin,1671
http://www.wikidata.org/entity/Q116971273,routing tool,1841
http://www.wikidata.org/entity/Q770588,citizen-band,2106
http://www.wikidata.org/entity/Q116971161,tool blade,2174
http://www.wikidata.org/entity/Q117207736,water heater stack,2221
http://www.wikidata.org/entity/Q193666,tambourin,2515
http://www.wikidata.org/entity/Q117209162,motor vehicle engine oil circulation,2550
http://www.wikidata.org/entity/Q117208190,pool & spa accessory,2832
http://www.wikidata.org/entity/Q140565,lavabo,2886
http://www.wikidata.org/entity/Q116037333,foam block,3172
http://www.wikidata.org/entity/Q116970476,gps mount,3213
http://www.wikidata.org/entity/Q117208870,bicycle accessory,3214
http://www.wikidata.org/entity/Q117208923,horse care product,3257
http://www.wikidata.org/entity/Q28453708,wicket-keeper's gloves,3339
http://www.wikidata.org/entity/Q117209060,lawn game,3405
http://www.wikidata.org/entity/Q117207711,air purifier accessory,3410
http://www.wikidata.org/entity/Q117209398,watercraft motor lock,3507
http://www.wikidata.org/entity/Q679300,volant,3663
http://www.wikidata.org/entity/Q738168,patron,3697
http://www.wikidata.org/entity/Q117209414,watercraft fuel pumps & part,3892
http://www.wikidata.org/entity/Q216197,altimètre,4022
http://www.wikidata.org/entity/Q116960466,decorative sticker,4054
http://www.wikidata.org/entity/Q116221580,make-up sponge,4106
http://www.wikidata.org/entity/Q116037103,baseball & softball autographed paraphernalia,4149
http://www.wikidata.org/entity/Q116958026,cat bed,4433
http://www.wikidata.org/entity/Q116970709,air mattress & sleeping pad accessory,4451
http://www.wikidata.org/entity/Q117208008,tea maker,4528
http://www.wikidata.org/entity/Q117207762,broom & mop handle,4671
http://www.wikidata.org/entity/Q156344,amarante,4683
http://www.wikidata.org/entity/Q117207873,roasting pan rack,4726
http://www.wikidata.org/entity/Q7259950,punch bowl,4735
http://www.wikidata.org/entity/Q160567,sismographe,4756
http://www.wikidata.org/entity/Q116970437,general purpose battery,4928
http://www.wikidata.org/entity/Q117208927,horse grooming product,5025
http://www.wikidata.org/entity/Q116036925,disposable bowl,5098
http://www.wikidata.org/entity/Q117208014,pizzelle maker,5291
http://www.wikidata.org/entity/Q116960097,hunting clothing,5460
http://www.wikidata.org/entity/Q117207337,camera flash accessory,5479
http://www.wikidata.org/entity/Q115634000,scrubs cap,5602
http://www.wikidata.org/entity/Q798500,papier sulfurisé,5642
http://www.wikidata.org/entity/Q115618843,prepared food,5814
http://www.wikidata.org/entity/Q116961593,policy sign,5900
http://www.wikidata.org/entity/Q116221671,body paint & foundation,5979
http://www.wikidata.org/entity/Q1892020,fixation de ski,6063
http://www.wikidata.org/entity/Q116037123,tennis autographed sports paraphernalia,6186
http://www.wikidata.org/entity/Q116958091,pet collars & harness,6250
http://www.wikidata.org/entity/Q117207787,mop heads & refill,6264
http://www.wikidata.org/entity/Q117209143,swing sets & playset,6271
http://www.wikidata.org/entity/Q76824186,charnière,6416
http://www.wikidata.org/entity/Q2141629,compost bin,6436
http://www.wikidata.org/entity/Q17093294,clé brute,6488
http://www.wikidata.org/entity/Q517283,Pachyrhizus erosus,6630
http://www.wikidata.org/entity/Q117208700,yoga & pilates towel,6743
http://www.wikidata.org/entity/Q117208217,humidor accessory,6880
http://www.wikidata.org/entity/Q116958079,pet biometric monitor,6978
http://www.wikidata.org/entity/Q116036924,disposable serving tray,7089
http://www.wikidata.org/entity/Q116958184,pet oral care supply,7144
http://www.wikidata.org/entity/Q116961499,hairdressing & cosmetology product,7240
http://www.wikidata.org/entity/Q116971151,handheld circular saw accessory,7345
http://www.wikidata.org/entity/Q116037308,paddle ball toy,7425
http://www.wikidata.org/entity/Q117208388,bulletin board accessory,7525
http://www.wikidata.org/entity/Q117208133,weed trimmer spool cover,8034
http://www.wikidata.org/entity/Q117207913,food wrap dispenser,8039
http://www.wikidata.org/entity/Q116221366,stump shrinker,8105
http://www.wikidata.org/entity/Q117207443,post base plate,8113
http://www.wikidata.org/entity/Q116970479,marine audio & video receiver,8134
http://www.wikidata.org/entity/Q810345,ballon de basket-ball,1083
http://www.wikidata.org/entity/Q116970366,tv tuner cards & adapter,1487
http://www.wikidata.org/entity/Q1135142,test de grossesse,1680
http://www.wikidata.org/entity/Q874311,engin de génie civil,1795
http://www.wikidata.org/entity/Q116970891,toilet & bidet seat,1865
http://www.wikidata.org/entity/Q2397457,housse de couette,2541
http://www.wikidata.org/entity/Q18891560,skipping rope,2614
http://www.wikidata.org/entity/Q116970657,futon pad,2786
http://www.wikidata.org/entity/Q117207868,pizza pan,2843
http://www.wikidata.org/entity/Q117208174,pillowcases & sham,2927
http://www.wikidata.org/entity/Q116961405,diaper rash treatment,2949
http://www.wikidata.org/entity/Q116960180,petticoats & pettipants,2963
http://www.wikidata.org/entity/Q117208361,office instrument,2986
http://www.wikidata.org/entity/Q117207306,homebrewing & winemaking supply,3577
http://www.wikidata.org/entity/Q117209387,watercraft engine part,3606
http://www.wikidata.org/entity/Q382753,Essoreuse à salade,3914
http://www.wikidata.org/entity/Q673051,piñata,3994
http://www.wikidata.org/entity/Q1784231,panneau de basket-ball,4089
http://www.wikidata.org/entity/Q322418,exhaust ventilation,4485
http://www.wikidata.org/entity/Q116961830,mobile phone charms & strap,4550
http://www.wikidata.org/entity/Q185003,guimbarde,4744
http://www.wikidata.org/entity/Q1503784,aliments en saumure,500076
http://www.wikidata.org/entity/Q116958205,reptile & amphibian food,5026
http://www.wikidata.org/entity/Q5309577,Dry box,502974
http://www.wikidata.org/entity/Q116960859,music benches & stool,505328
http://www.wikidata.org/entity/Q117207818,laundry wash bags & frame,5085
http://www.wikidata.org/entity/Q116970507,printer consumable,5258
http://www.wikidata.org/entity/Q116970565,tv converter box,5503
http://www.wikidata.org/entity/Q116960160,kimono coat,5677
http://www.wikidata.org/entity/Q116220930,nutrition drinks and shakes,5702
http://www.wikidata.org/entity/Q272198,guimauve,5767
http://www.wikidata.org/entity/Q116971259,oil filter drain,5828
http://www.wikidata.org/entity/Q1018066,beurrier,6086
http://www.wikidata.org/entity/Q116970698,activity table,6351
http://www.wikidata.org/entity/Q117207999,hot drink maker,6543
http://www.wikidata.org/entity/Q116971149,saw accessory,6549
http://www.wikidata.org/entity/Q81,carotte,6595
http://www.wikidata.org/entity/Q115619118,salad topping,6847
http://www.wikidata.org/entity/Q116221012,nutritional food purée,6871
http://www.wikidata.org/entity/Q168639,échelle,6928
http://www.wikidata.org/entity/Q115634030,Medical Reflex Hammers & Tuning Forks,6972
http://www.wikidata.org/entity/Q116221637,skin care roller product,7018
http://www.wikidata.org/entity/Q117207717,heating radiator accessory,7110
http://www.wikidata.org/entity/Q116960899,percussion stand,7308
http://www.wikidata.org/entity/Q116960874,support d'amplificateur d'instrument de musique,7364
http://www.wikidata.org/entity/Q116037357,flying toy accessory,7366
http://www.wikidata.org/entity/Q116221523,powdered hand soap,7417
http://www.wikidata.org/entity/Q115618500,cookie decorating kit,7506
http://www.wikidata.org/entity/Q116970868,faucet handles & control,8116
http://www.wikidata.org/entity/Q116961583,digital sign,8155
http://www.wikidata.org/entity/Q117209220,vehicle license plate mounts & holder,8298
http://www.wikidata.org/entity/Q108640,patin à glace,1057
http://www.wikidata.org/entity/Q125356,scie,1235
http://www.wikidata.org/entity/Q623402,fer à souder,1236
http://www.wikidata.org/entity/Q80228,bouteille,1444
http://www.wikidata.org/entity/Q56284371,drywall anchor,1508
http://www.wikidata.org/entity/Q116970882,shower doors & enclosure,1779
http://www.wikidata.org/entity/Q116970905,plumbing repair kit,2203
http://www.wikidata.org/entity/Q117208244,gun care & accessory,2214
http://www.wikidata.org/entity/Q23769,couteau à lame rétractable,2411
http://www.wikidata.org/entity/Q1590990,home apothecary,2418
http://www.wikidata.org/entity/Q2713450,nameplate,2435
http://www.wikidata.org/entity/Q117207391,lighting filters & gobo,2490
http://www.wikidata.org/entity/Q116221686,maquillage du visage,2571
http://www.wikidata.org/entity/Q116970887,toilet & bidet accessory,2691
http://www.wikidata.org/entity/Q652657,plaque d'égout,2851
http://www.wikidata.org/entity/Q117208744,dart shaft,3109
http://www.wikidata.org/entity/Q1593024,taille-haie,3120
http://www.wikidata.org/entity/Q117208745,dart tip,3250
http://www.wikidata.org/entity/Q116037363,toy parachute,3263
http://www.wikidata.org/entity/Q1515419,cravache,3265
http://www.wikidata.org/entity/Q117208414,gps map data & software,3283
http://www.wikidata.org/entity/Q117207824,rug pad,3307
http://www.wikidata.org/entity/Q24251437,Teaspoon (fishing hook),3359
http://www.wikidata.org/entity/Q1736906,nourriture pour chats,3367
http://www.wikidata.org/entity/Q200822,râteau,3388
http://www.wikidata.org/entity/Q116037372,toy helicopter,3506
http://www.wikidata.org/entity/Q536135,tricycle,3531
http://www.wikidata.org/entity/Q117208694,weight lifting machines & rack,3542
http://www.wikidata.org/entity/Q271598,filet de pêche,3614
http://www.wikidata.org/entity/Q117208727,foosball table,3847
http://www.wikidata.org/entity/Q586319,pic à glace,4222
http://www.wikidata.org/entity/Q116970410,tablet computer replacement speaker,45262
http://www.wikidata.org/entity/Q116961181,oboes & english horn,4541
http://www.wikidata.org/entity/Q115634295,Microscope Eyepieces & Adapters,4556
http://www.wikidata.org/entity/Q117208107,lawn mower belt,4643
http://www.wikidata.org/entity/Q116961068,clarinet swab,4828
http://www.wikidata.org/entity/Q115770849,bird toy,4992
http://www.wikidata.org/entity/Q116970535,"printers, copiers & fax machine",500106
http://www.wikidata.org/entity/Q116958210,reptile & amphibian substrate,5030
http://www.wikidata.org/entity/Q115633884,medical cabinet,5170
http://www.wikidata.org/entity/Q12504428,lecteur d'empreintes digitales,5366
http://www.wikidata.org/entity/Q116960107,baby & toddler bottom,5408
http://www.wikidata.org/entity/Q11032,journal,543540
http://www.wikidata.org/entity/Q1056607,après-shampooing,543616
http://www.wikidata.org/entity/Q116970415,electronics films & shield,5466
http://www.wikidata.org/entity/Q116960265,shoe racks & organizer,5559
http://www.wikidata.org/entity/Q117207976,yogurt maker accessory,5570
http://www.wikidata.org/entity/Q117208860,tent vestibule,5657
http://www.wikidata.org/entity/Q116961473,trade show counter,5864
http://www.wikidata.org/entity/Q39495,tracteur agricole,5866
http://www.wikidata.org/entity/Q116221822,nail art kits & accessory,5975
http://www.wikidata.org/entity/Q65234770,erotic game,6040
http://www.wikidata.org/entity/Q117208375,multifunction writing instrument,6067
http://www.wikidata.org/entity/Q5521874,garage door opener,609
http://www.wikidata.org/entity/Q116960506,blocking wire,6151
http://www.wikidata.org/entity/Q117208299,business card stand,6171
http://www.wikidata.org/entity/Q117208218,umbrella sleeves & case,6173
http://www.wikidata.org/entity/Q116961440,bassinets & cradle,6393
http://www.wikidata.org/entity/Q117208343,anti-fatigue mat,6462
http://www.wikidata.org/entity/Q4266699,plaquettes de natation,6473
http://www.wikidata.org/entity/Q115634008,Medical & Emergency Response Training Mannequins,6491
http://www.wikidata.org/entity/Q68220931,racine de persil,6664
http://www.wikidata.org/entity/Q115618563,Physalis fruit,6671
http://www.wikidata.org/entity/Q117207534,hair clipper & trimmer accessory,6842
http://www.wikidata.org/entity/Q115618407,dessert topping,6845
http://www.wikidata.org/entity/Q3834994,imprimante 3D,6865
http://www.wikidata.org/entity/Q921455,humidor,6878
http://www.wikidata.org/entity/Q1792158,fleurs séchées,6936
http://www.wikidata.org/entity/Q116960464,appliques & patch,6955
http://www.wikidata.org/entity/Q1397373,Fascinator,7054
http://www.wikidata.org/entity/Q116961441,crib & toddler bed accessory,7070
http://www.wikidata.org/entity/Q117207719,heating radiator reflector,7111
http://www.wikidata.org/entity/Q116971029,drill bit extension,7140
http://www.wikidata.org/entity/Q117207853,coaster holder,7238
http://www.wikidata.org/entity/Q117208189,pool & spa product,729
http://www.wikidata.org/entity/Q116960252,wig glue & tape,7306
http://www.wikidata.org/entity/Q116960513,embossing heat tool,7340
http://www.wikidata.org/entity/Q116971152,jigsaw accessory,7346
http://www.wikidata.org/entity/Q117208805,towed water sport glove,7452
http://www.wikidata.org/entity/Q117207975,wine fridge accessory,8106
http://www.wikidata.org/entity/Q117208942,saddle accessory,8107
http://www.wikidata.org/entity/Q116961243,inflatable party decoration,8110
http://www.wikidata.org/entity/Q117209349,motor vehicle loading ramp,8147
http://www.wikidata.org/entity/Q117209172,motor vehicle seating,8238
http://www.wikidata.org/entity/Q117209268,vehicle safety or security device,8301
http://www.wikidata.org/entity/Q117209310,motor vehicle airbag part,8448
http://www.wikidata.org/entity/Q117209214,vehicle decor accessory set,8469
http://www.wikidata.org/entity/Q117208546,hockey protective gear,1105
http://www.wikidata.org/entity/Q116961361,baby mobile,1242
http://www.wikidata.org/entity/Q458094,Plieuse,2207
http://www.wikidata.org/entity/Q842840,glucomètre,2246
http://www.wikidata.org/entity/Q104555,règle,2481
http://www.wikidata.org/entity/Q117208799,training fin,2512
http://www.wikidata.org/entity/Q60778901,Tweezer,2656
http://www.wikidata.org/entity/Q96062130,doormat,2675
http://www.wikidata.org/entity/Q55304203,transport de bébé,2764
http://www.wikidata.org/entity/Q117207800,fabric softeners & dryer sheet,2794
http://www.wikidata.org/entity/Q8492,jus,2887
http://www.wikidata.org/entity/Q719725,Saccharomyces cerevisiae,2905
http://www.wikidata.org/entity/Q47616,lampe à incandescence,2944
http://www.wikidata.org/entity/Q1574237,wind-up toy,2953
http://www.wikidata.org/entity/Q117207971,vacuum sealer bag,3124
http://www.wikidata.org/entity/Q862747,boule de billard,3135
http://www.wikidata.org/entity/Q117208620,tennis racquet grommet,3295
http://www.wikidata.org/entity/Q117208794,swim glove,3304
http://www.wikidata.org/entity/Q117208435,american football glove,3442
http://www.wikidata.org/entity/Q116037397,remote control boats & watercraft,3532
http://www.wikidata.org/entity/Q116971160,soldering iron tip,3609
http://www.wikidata.org/entity/Q30246160,composant de bicyclette,3618
http://www.wikidata.org/entity/Q193358,louche,3620
http://www.wikidata.org/entity/Q117207917,coffee maker & espresso machine accessory,3988
http://www.wikidata.org/entity/Q785464,Extension capillaire,4057
http://www.wikidata.org/entity/Q6006,enseigne lumineuse,4070
http://www.wikidata.org/entity/Q117207547,travel pillow,4211
http://www.wikidata.org/entity/Q116971350,can crusher,4247
http://www.wikidata.org/entity/Q4819706,throw pillow,4454
http://www.wikidata.org/entity/Q117208901,bicycle cassettes & freewheel,4586
http://www.wikidata.org/entity/Q2480049,saté,4615
http://www.wikidata.org/entity/Q116958208,reptile & amphibian habitat heating & lighting,5028
http://www.wikidata.org/entity/Q117207910,honey jar,5134
http://www.wikidata.org/entity/Q117208933,horse tack,5593
http://www.wikidata.org/entity/Q797971,nourriture pour bébé,5719
http://www.wikidata.org/entity/Q115618375,tortilla and wrap bread,5748
http://www.wikidata.org/entity/Q5179144,cover-up,5853
http://www.wikidata.org/entity/Q117208277,exercise & fitness equipment manual,5861
http://www.wikidata.org/entity/Q116961283,trophies & award,5868
http://www.wikidata.org/entity/Q7646217,surgical lubricant,5923
http://www.wikidata.org/entity/Q116037338,action & toy figure,6058
http://www.wikidata.org/entity/Q117209185,automotive tire,6093
http://www.wikidata.org/entity/Q7202078,plastic canvas,6144
http://www.wikidata.org/entity/Q117208883,bicycle saddle pads & seat cover,6445
http://www.wikidata.org/entity/Q117208382,fingertip grip,6486
http://www.wikidata.org/entity/Q3181909,goyave,6625
http://www.wikidata.org/entity/Q272754,Ipomoea aquatica,6656
http://www.wikidata.org/entity/Q117209026,paintball grenade launcher,6748
http://www.wikidata.org/entity/Q117207878,crêpe & blini pan,6838
http://www.wikidata.org/entity/Q117208229,travel bottles & container,6919
http://www.wikidata.org/entity/Q117207935,fondue pot stand,6946
http://www.wikidata.org/entity/Q116958080,pet glucose meter,6980
http://www.wikidata.org/entity/Q117207596,butterfly feeder,6995
http://www.wikidata.org/entity/Q117208195,pool brushes & broom,6996
http://www.wikidata.org/entity/Q116970821,wall paneling,7053
http://www.wikidata.org/entity/Q117208862,climbing product,7059
http://www.wikidata.org/entity/Q4526862,guêtre,7078
http://www.wikidata.org/entity/Q117208094,outdoor power equipment set,7245
http://www.wikidata.org/entity/Q249997,oscillateur électronique,7260
http://www.wikidata.org/entity/Q775570,cencerro,7293
http://www.wikidata.org/entity/Q115619121,sesame stick,7427
http://www.wikidata.org/entity/Q116970448,tablet computer battery,7438
http://www.wikidata.org/entity/Q1419038,cosmétique nettoyant,7467
http://www.wikidata.org/entity/Q116221599,nail drill,7490
http://www.wikidata.org/entity/Q116961493,prophy paste,8130
http://www.wikidata.org/entity/Q116961040,orchestral string instrument bow case,8209
http://www.wikidata.org/entity/Q117209199,motor vehicle windshield cover,8316
http://www.wikidata.org/entity/Q168838,bidon,8534
http://www.wikidata.org/entity/Q116970888,ballcocks & flapper,1425
http://www.wikidata.org/entity/Q116961506,hotel & hospitality,1475
http://www.wikidata.org/entity/Q116971239,rebar locator,1539
http://www.wikidata.org/entity/Q65791322,table bout de canapé,1549
http://www.wikidata.org/entity/Q272502,bagel,1573
http://www.wikidata.org/entity/Q116971262,paint sponge,1699
http://www.wikidata.org/entity/Q116971286,tool knife,2198
http://www.wikidata.org/entity/Q116970661,art & drafting table,2242
http://www.wikidata.org/entity/Q117207731,anode rod,2310
http://www.wikidata.org/entity/Q152088,frite,2392
http://www.wikidata.org/entity/Q116970886,sink leg,2410
http://www.wikidata.org/entity/Q116971212,ladder cart,2416
http://www.wikidata.org/entity/Q1210743,machine à expresso,2422
http://www.wikidata.org/entity/Q1143580,raclette,2610
http://www.wikidata.org/entity/Q116971201,handheld power drill,2629
http://www.wikidata.org/entity/Q117208330,binder paper,2658
http://www.wikidata.org/entity/Q117209234,vehicle fuel system cleaner,2719
http://www.wikidata.org/entity/Q117207344,camera replacement buttons & knob,296247
http://www.wikidata.org/entity/Q117208644,wrestling protective gear,3057
http://www.wikidata.org/entity/Q641364,décorations de Noël,3144
http://www.wikidata.org/entity/Q117208737,shuffleboard table,3148
http://www.wikidata.org/entity/Q168432,ancre,3189
http://www.wikidata.org/entity/Q117208481,boxing gloves & mitt,3235
http://www.wikidata.org/entity/Q116971148,sandpaper & sanding sponge,3240
http://www.wikidata.org/entity/Q1300900,compteur de bicyclette,3243
http://www.wikidata.org/entity/Q116960196,officiating uniform,3253
http://www.wikidata.org/entity/Q117208882,bicycle mirror,3368
http://www.wikidata.org/entity/Q14906,presse-ail,3385
http://www.wikidata.org/entity/Q42861,cerf-volant,3460
http://www.wikidata.org/entity/Q117208997,arrows & bolt,3533
http://www.wikidata.org/entity/Q116960880,musical keyboard stand,3588
http://www.wikidata.org/entity/Q116961529,piercing needle,4122
http://www.wikidata.org/entity/Q117207895,wok brush,4663
http://www.wikidata.org/entity/Q116961063,accessoire pour clarinette,4791
http://www.wikidata.org/entity/Q116961099,flute pegs & stand,4837
http://www.wikidata.org/entity/Q1373429,logiciel d'édition de vidéos,4953
http://www.wikidata.org/entity/Q117209038,shooting sticks & bipod,499841
http://www.wikidata.org/entity/Q1054964,Activity Monitor,500009
http://www.wikidata.org/entity/Q116960428,zipper pull,500056
http://www.wikidata.org/entity/Q117208853,portable toilets & urination device,503009
http://www.wikidata.org/entity/Q116958108,pet fragrances & deodorizing spray,503733
http://www.wikidata.org/entity/Q116961105,harmonica holder,5046
http://www.wikidata.org/entity/Q117207903,replacement drink lid,5060
http://www.wikidata.org/entity/Q2603627,potato ricer,5109
http://www.wikidata.org/entity/Q116970395,hard drive duplicator,5271
http://www.wikidata.org/entity/Q117207887,tagines & clay cooking pot,5340
http://www.wikidata.org/entity/Q116970421,privacy filter,5467
http://www.wikidata.org/entity/Q115619185,canned vegetables,5798
http://www.wikidata.org/entity/Q11179,protège-dents,5823
http://www.wikidata.org/entity/Q117207710,air conditioner cover,5826
http://www.wikidata.org/entity/Q117208027,coffee & tea saucer,6051
http://www.wikidata.org/entity/Q116971398,sugar caddie,6415
http://www.wikidata.org/entity/Q116970370,barcode scanner stand,6476
http://www.wikidata.org/entity/Q116971353,channel knife,6522
http://www.wikidata.org/entity/Q13099586,poire,6665
http://www.wikidata.org/entity/Q12372598,prune,6674
http://www.wikidata.org/entity/Q615403,tin whistle,6721
http://www.wikidata.org/entity/Q117207864,broiling pan,6756
http://www.wikidata.org/entity/Q115618410,fruit topping,6854
http://www.wikidata.org/entity/Q19373001,fondue fork,6945
http://www.wikidata.org/entity/Q116220716,contraceptive case,7002
http://www.wikidata.org/entity/Q116971040,hammer handle,7055
http://www.wikidata.org/entity/Q753009,colorant alimentaire,7127
http://www.wikidata.org/entity/Q1894866,monte-escalier,7138
http://www.wikidata.org/entity/Q116971348,beverage dispenser,7149
http://www.wikidata.org/entity/Q117207640,mailbox flag,7176
http://www.wikidata.org/entity/Q116961179,flutophone,7188
http://www.wikidata.org/entity/Q116970706,furniture floor protector,7214
http://www.wikidata.org/entity/Q117207951,charcoal chimney,7540
http://www.wikidata.org/entity/Q477374,lait de poule,8030
http://www.wikidata.org/entity/Q116960331,bicycle protective pad,8061
http://www.wikidata.org/entity/Q117207570,safety grab bar,8114
http://www.wikidata.org/entity/Q116961489,prophy cup,8121
http://www.wikidata.org/entity/Q116221813,lip primer,8217
http://www.wikidata.org/entity/Q116971166,tool safety tether,8258
http://www.wikidata.org/entity/Q116960243,hair bun & volume shaper,8451
http://www.wikidata.org/entity/Q117209317,vehicle seat belt strap,8476
http://www.wikidata.org/entity/Q142714,jeu de cartes,1247
http://www.wikidata.org/entity/Q116971237,measuring wheel,1459
http://www.wikidata.org/entity/Q374,vodka,2107
http://www.wikidata.org/entity/Q117209304,vehicle steering wheel lock,2750
http://www.wikidata.org/entity/Q36465,farine,2775
http://www.wikidata.org/entity/Q116970805,flooring & carpet,2826
http://www.wikidata.org/entity/Q178780,liqueur,2933
http://www.wikidata.org/entity/Q6791882,mattress pad,2991
http://www.wikidata.org/entity/Q117207307,beer brewing grains & malt,3014
http://www.wikidata.org/entity/Q184191,rouge à lèvres,3021
http://www.wikidata.org/entity/Q631359,liquide de frein,3051
http://www.wikidata.org/entity/Q116037346,toy playset,3166
http://www.wikidata.org/entity/Q116221520,liquid hand soap,3208
http://www.wikidata.org/entity/Q116960197,softball uniform,3379
http://www.wikidata.org/entity/Q13698,casse-tête,3867
http://www.wikidata.org/entity/Q117208563,skate blade guard,4019
http://www.wikidata.org/entity/Q1183768,scie à chantourner,4633
http://www.wikidata.org/entity/Q117207713,dehumidifier accessory,4667
http://www.wikidata.org/entity/Q117207988,fondue pot,4720
http://www.wikidata.org/entity/Q116961957,pda case,4739
http://www.wikidata.org/entity/Q116971255,vibration meter,4759
http://www.wikidata.org/entity/Q116961094,flute part,4836
http://www.wikidata.org/entity/Q116961090,flute cleaning rod,4839
http://www.wikidata.org/entity/Q116961139,saxophone ligatures & cap,4854
http://www.wikidata.org/entity/Q116961039,orchestral string instrument accessory,503033
http://www.wikidata.org/entity/Q117207923,coffee maker water filter,5065
http://www.wikidata.org/entity/Q117208948,fishing & hunting wader,5406
http://www.wikidata.org/entity/Q29437,glaçage,5769
http://www.wikidata.org/entity/Q187956,conteneur,5831
http://www.wikidata.org/entity/Q111366781,table linen,601
http://www.wikidata.org/entity/Q117208378,pen & pencil set,6066
http://www.wikidata.org/entity/Q116960542,thimbles & sewing palm,6156
http://www.wikidata.org/entity/Q116960534,"frames, hoops & stretcher",6158
http://www.wikidata.org/entity/Q174279,Dragonne,6277
http://www.wikidata.org/entity/Q11288768,Water oven,6279
http://www.wikidata.org/entity/Q116961332,baby health & grooming kit,6290
http://www.wikidata.org/entity/Q116971144,power tool charger,6292
http://www.wikidata.org/entity/Q117209146,water play equipment,6464
http://www.wikidata.org/entity/Q116971454,vehicle diagnostic scanner,6482
http://www.wikidata.org/entity/Q116971379,food sticks & skewer,6554
http://www.wikidata.org/entity/Q165178,Bok choy,6584
http://www.wikidata.org/entity/Q3438587,Christmas tree stand,6603
http://www.wikidata.org/entity/Q2224510,fruit de la passion,6667
http://www.wikidata.org/entity/Q104727207,rambutan,6678
http://www.wikidata.org/entity/Q27650430,rhubarb,6681
http://www.wikidata.org/entity/Q2544599,Cichorium intybus,6717
http://www.wikidata.org/entity/Q117208021,coffee & tea set,6740
http://www.wikidata.org/entity/Q117207629,wax tart,6767
http://www.wikidata.org/entity/Q115618510,edible baking decoration,6775
http://www.wikidata.org/entity/Q116961434,potty training kit,6953
http://www.wikidata.org/entity/Q115634165,biochemical product,6975
http://www.wikidata.org/entity/Q34503943,tête de marteau,7057
http://www.wikidata.org/entity/Q117208297,binding machine,7080
http://www.wikidata.org/entity/Q117207565,bathroom accessory mount,7093
http://www.wikidata.org/entity/Q117208080,outdoor umbrella & sunshade fabric,7108
http://www.wikidata.org/entity/Q117209330,vehicle bicycle rack accessory,7122
http://www.wikidata.org/entity/Q116970820,wall & ceiling tile,7136
http://www.wikidata.org/entity/Q116960450,floral tape,7192
http://www.wikidata.org/entity/Q116960883,cymbal & drum mute,7231
http://www.wikidata.org/entity/Q18456301,pad d'entraînement,7232
http://www.wikidata.org/entity/Q72313,moteur électrique,7275
http://www.wikidata.org/entity/Q1283177,tambour sur cadre,7300
http://www.wikidata.org/entity/Q116960878,musical keyboard bags & case,7357
http://www.wikidata.org/entity/Q117207615,flag & windsock accessory,7419
http://www.wikidata.org/entity/Q116221829,nail polish thinner,7445
http://www.wikidata.org/entity/Q116971044,magnetizers & demagnetizer,7472
http://www.wikidata.org/entity/Q117208817,boat storage rack,8172
http://www.wikidata.org/entity/Q117207532,body & facial hair bleach,8214
http://www.wikidata.org/entity/Q117208678,push up & pull up bar,8215
http://www.wikidata.org/entity/Q256817,élastique,944
http://www.wikidata.org/entity/Q616765,roller en ligne,1058
http://www.wikidata.org/entity/Q116970648,table & bar stool,1463
http://www.wikidata.org/entity/Q898090,Alarme incendie,1871
http://www.wikidata.org/entity/Q16285362,fire sprinkler,1934
http://www.wikidata.org/entity/Q831584,bétonnière,2305
http://www.wikidata.org/entity/Q230823,minijupe,2331
http://www.wikidata.org/entity/Q117209257,vehicle power steering fluid,2513
http://www.wikidata.org/entity/Q117207384,photographic analyzer,2815
http://www.wikidata.org/entity/Q467505,sac à main,3032
http://www.wikidata.org/entity/Q1075310,bateau à voiles,3087
http://www.wikidata.org/entity/Q1349717,borne d'arcade,3117
http://www.wikidata.org/entity/Q116037424,golf toy,3226
http://www.wikidata.org/entity/Q3148886,image pieuse,328060
http://www.wikidata.org/entity/Q117209410,watercraft fuel system,3400
http://www.wikidata.org/entity/Q152910,fouet,3437
http://www.wikidata.org/entity/Q117207450,tool sheath,4031
http://www.wikidata.org/entity/Q116971177,hair dryer accessory,4475
http://www.wikidata.org/entity/Q117208004,mochi maker,4482
http://www.wikidata.org/entity/Q1586959,sewing machine needle,4579
http://www.wikidata.org/entity/Q116971321,power tool combo set,4716
http://www.wikidata.org/entity/Q1146414,Accumulateur de froid,4753
http://www.wikidata.org/entity/Q116961103,harmonica accessory,4955
http://www.wikidata.org/entity/Q117207781,oven & grill cleaner,4978
http://www.wikidata.org/entity/Q116958029,cat furniture,4997
http://www.wikidata.org/entity/Q116220862,biometric monitor accessory,5071
http://www.wikidata.org/entity/Q116970397,usb drive duplicator,5112
http://www.wikidata.org/entity/Q1630337,tailleur-pantalon,5183
http://www.wikidata.org/entity/Q116971403,ciseaux de cuisine,5251
http://www.wikidata.org/entity/Q117207325,video camera lens,5280
http://www.wikidata.org/entity/Q116037076,collectible knife,5311
http://www.wikidata.org/entity/Q116970379,game remote,543590
http://www.wikidata.org/entity/Q115633949,Medical Needle & Syringe Sets,543672
http://www.wikidata.org/entity/Q905353,screen protector,5468
http://www.wikidata.org/entity/Q116970566,tv replacement lamp,5471
http://www.wikidata.org/entity/Q512191,mélodica,5481
http://www.wikidata.org/entity/Q116960298,boot liner,5567
http://www.wikidata.org/entity/Q116971339,shoe treatments & dye,5604
http://www.wikidata.org/entity/Q116960112,baby & toddler outfit,5622
http://www.wikidata.org/entity/Q116961961,stylus pen nibs & refill,5669
http://www.wikidata.org/entity/Q117208875,bicycle child seat,5842
http://www.wikidata.org/entity/Q116961587,facility identification sign,5897
http://www.wikidata.org/entity/Q116961595,retail & sale sign,5898
http://www.wikidata.org/entity/Q367035,carnet d'adresses,5997
http://www.wikidata.org/entity/Q11414742,business card case,6169
http://www.wikidata.org/entity/Q117208351,utility cart,6179
http://www.wikidata.org/entity/Q115633727,hospital curtain,6275
http://www.wikidata.org/entity/Q116036962,hot dog roller,6517
http://www.wikidata.org/entity/Q279280,Xanthosoma sagittifolium,6643
http://www.wikidata.org/entity/Q117207523,power flosser,6715
http://www.wikidata.org/entity/Q2569925,chevrette,677
http://www.wikidata.org/entity/Q1306022,cuisine équipée,6934
http://www.wikidata.org/entity/Q116961748,speaker accessory,7163
http://www.wikidata.org/entity/Q513122,spermicide,7186
http://www.wikidata.org/entity/Q116221280,shower seat,7243
http://www.wikidata.org/entity/Q116970636,chair accessory,7248
http://www.wikidata.org/entity/Q116958113,pet nail polish,7318
http://www.wikidata.org/entity/Q116971445,fishing hook removal tool,7344
http://www.wikidata.org/entity/Q117209049,kite buggying product,7375
http://www.wikidata.org/entity/Q116961966,computer backplates & i/o shield,8158
http://www.wikidata.org/entity/Q117209169,motor vehicle interior fitting,8233
http://www.wikidata.org/entity/Q117209198,golf cart enclosure,8306
http://www.wikidata.org/entity/Q116960873,musical instrument amplifier knob,8462
http://www.wikidata.org/entity/Q116961814,hard drive circuit board,8546
http://www.wikidata.org/entity/Q161071,tournevis,1203
http://www.wikidata.org/entity/Q1549506,wristband,1893
http://www.wikidata.org/entity/Q864114,périphérique d'entrée,1928
http://www.wikidata.org/entity/Q117207463,locks & key,1974
http://www.wikidata.org/entity/Q116970858,bathtub spout,2463
http://www.wikidata.org/entity/Q1501,piscine,2810
http://www.wikidata.org/entity/Q116961221,fresh cut flower,2899
http://www.wikidata.org/entity/Q117209174,motor vehicle suspension part,2935
http://www.wikidata.org/entity/Q117209028,paintball gun parts & accessory,3187
http://www.wikidata.org/entity/Q117208689,weight bar,3271
http://www.wikidata.org/entity/Q117209027,paintball grenade,3408
http://www.wikidata.org/entity/Q5510535,Futon dryer,4483
http://www.wikidata.org/entity/Q116971147,sanding accessory,4487
http://www.wikidata.org/entity/Q117207892,steamer basket,4529
http://www.wikidata.org/entity/Q117208097,outdoor power equipment accessory,4564
http://www.wikidata.org/entity/Q724743,baguette,4631
http://www.wikidata.org/entity/Q10863986,vaisselle jetable,4632
http://www.wikidata.org/entity/Q116961313,baby bathtub,4679
http://www.wikidata.org/entity/Q1409381,humidimètre,4755
http://www.wikidata.org/entity/Q116961114,oboe swab,4850
http://www.wikidata.org/entity/Q116961138,saxophone cases & gigbag,4853
http://www.wikidata.org/entity/Q115619224,ice cream and frozen yogurt,499991
http://www.wikidata.org/entity/Q116961429,nursing pads & shield,503762
http://www.wikidata.org/entity/Q11875349,terrain de jeux,539
http://www.wikidata.org/entity/Q117209126,poker chips & set,5403
http://www.wikidata.org/entity/Q918090,client léger,543668
http://www.wikidata.org/entity/Q117208024,dinnerware set,5537
http://www.wikidata.org/entity/Q117208403,memorial urn,5607
http://www.wikidata.org/entity/Q1271385,Dried beans,5796
http://www.wikidata.org/entity/Q30715522,canned beans,5797
http://www.wikidata.org/entity/Q120096,tempeh,5810
http://www.wikidata.org/entity/Q116971208,hardware torch,5927
http://www.wikidata.org/entity/Q116221815,makeup finishing spray,6072
http://www.wikidata.org/entity/Q117208071,canopy & gazebo enclosure kit,6107
http://www.wikidata.org/entity/Q117208962,fishing yarn,6440
http://www.wikidata.org/entity/Q183413,Poinçonneuse de document,6467
http://www.wikidata.org/entity/Q117207492,ear wax removal kit,6562
http://www.wikidata.org/entity/Q3733836,abricot,6567
http://www.wikidata.org/entity/Q196,cerise,6601
http://www.wikidata.org/entity/Q1331042,limequat,6641
http://www.wikidata.org/entity/Q20638126,tomate,6703
http://www.wikidata.org/entity/Q625399,arracacha,6716
http://www.wikidata.org/entity/Q117208091,lawn vacuum,6789
http://www.wikidata.org/entity/Q5307704,drink mix,6848
http://www.wikidata.org/entity/Q116970615,kitchen & dining bench,6850
http://www.wikidata.org/entity/Q116961394,diaper organizer,6883
http://www.wikidata.org/entity/Q117207548,spray tanning tent,6921
http://www.wikidata.org/entity/Q117208557,hockey stick shaft,6942
http://www.wikidata.org/entity/Q1968760,shaker,7287
http://www.wikidata.org/entity/Q4850358,Bald cap,7304
http://www.wikidata.org/entity/Q117208930,horse treat,7481
http://www.wikidata.org/entity/Q116970372,game controller accessory,8008
http://www.wikidata.org/entity/Q2097190,divot tool,8044
http://www.wikidata.org/entity/Q117209159,motor vehicle carpet & upholstery,8232
http://www.wikidata.org/entity/Q116961414,toddler nutrition drinks & shake,8436
http://www.wikidata.org/entity/Q33972,machine à sous,8472
http://www.wikidata.org/entity/Q117209031,paintball gun drop forward,8514
http://www.wikidata.org/entity/Q116971278,socket driver,1195
http://www.wikidata.org/entity/Q3355092,Chenille (pipe),1862
http://www.wikidata.org/entity/Q198763,sous-vêtement,2562
http://www.wikidata.org/entity/Q117207477,lotion & moisturizer,2592
http://www.wikidata.org/entity/Q116037407,riding toy,2799
http://www.wikidata.org/entity/Q117207334,camera body replacement panels & door,296246
http://www.wikidata.org/entity/Q116971157,shaper cutter,3210
http://www.wikidata.org/entity/Q117208842,windsurfing sail,3413
http://www.wikidata.org/entity/Q1292236,cycling jersey,3455
http://www.wikidata.org/entity/Q875696,articles de papeterie,3457
http://www.wikidata.org/entity/Q117207916,breadmaker accessory,3489
http://www.wikidata.org/entity/Q117209284,atv & utv bar pad,362738
http://www.wikidata.org/entity/Q116961579,retail display case,4160
http://www.wikidata.org/entity/Q11896839,false nail,4218
http://www.wikidata.org/entity/Q1151042,essuie-tout,4257
http://www.wikidata.org/entity/Q117208365,writing & drawing instrument accessory,4470
http://www.wikidata.org/entity/Q1156860,dérailleur,4588
http://www.wikidata.org/entity/Q106763376,birthday candle,4730
http://www.wikidata.org/entity/Q116961145,saxophone small part,4865
http://www.wikidata.org/entity/Q117207772,dish detergent & soap,4975
http://www.wikidata.org/entity/Q1430099,bloc désodorisant,4980
http://www.wikidata.org/entity/Q117208575,speed & agility ladders & hurdle,499802
http://www.wikidata.org/entity/Q117208057,plant cages & support,499894
http://www.wikidata.org/entity/Q860372,art numérique,500046
http://www.wikidata.org/entity/Q115618440,relish & chutney,500075
http://www.wikidata.org/entity/Q117208223,dry box liners & insert,503014
http://www.wikidata.org/entity/Q1224899,bien numérique,5032
http://www.wikidata.org/entity/Q28823,textile,505384
http://www.wikidata.org/entity/Q741633,barebone,5254
http://www.wikidata.org/entity/Q116970405,network storage system,5269
http://www.wikidata.org/entity/Q117207361,telescope accessory,5284
http://www.wikidata.org/entity/Q1225075,stylo numérique,5309
http://www.wikidata.org/entity/Q4990406,Power amplifiers,5381
http://www.wikidata.org/entity/Q116970587,motor vehicle cassette player,5438
http://www.wikidata.org/entity/Q116970577,video transmitter,5450
http://www.wikidata.org/entity/Q116961897,antenna mounts & bracket,5477
http://www.wikidata.org/entity/Q116960140,léotards et unitards,5490
http://www.wikidata.org/entity/Q116970585,motor vehicle cassette adapter,5525
http://www.wikidata.org/entity/Q115619065,Waffle & Pancake Mix,5778
http://www.wikidata.org/entity/Q116221601,nail dryer,5880
http://www.wikidata.org/entity/Q117208066,picnic blanket,5913
http://www.wikidata.org/entity/Q117209272,motorcycle elbow & wrist guard,5963
http://www.wikidata.org/entity/Q117209344,vehicle motorcycle & scooter rack,6044
http://www.wikidata.org/entity/Q117209342,vehicle fishing rod rack,6046
http://www.wikidata.org/entity/Q117209179,automotive rims & wheel,6090
http://www.wikidata.org/entity/Q117207747,floor & steam cleaner,616
http://www.wikidata.org/entity/Q115618436,pizza sauce,6203
http://www.wikidata.org/entity/Q4413188,Sandow (câble),6298
http://www.wikidata.org/entity/Q1936189,Ferme-porte,6446
http://www.wikidata.org/entity/Q116970803,door strike,6458
http://www.wikidata.org/entity/Q116971155,table saw accessory,6501
http://www.wikidata.org/entity/Q99548274,betterave,6581
http://www.wikidata.org/entity/Q12533094,aubergine,6613
http://www.wikidata.org/entity/Q21552830,pamplemousse,6621
http://www.wikidata.org/entity/Q117208493,broomball equipment,6734
http://www.wikidata.org/entity/Q457239,gelée de pétrole,6753
http://www.wikidata.org/entity/Q80042,chèque,6930
http://www.wikidata.org/entity/Q116958186,pet steps & ramp,6973
http://www.wikidata.org/entity/Q116960230,button stud,6985
http://www.wikidata.org/entity/Q116961275,special occasion card boxes & holder,7097
http://www.wikidata.org/entity/Q116037359,kite line reels & winder,7371
http://www.wikidata.org/entity/Q516844,verre à bière,7568
http://www.wikidata.org/entity/Q116970392,laptop screen digitizer,8160
http://www.wikidata.org/entity/Q116970595,motor vehicle video monitor mount,8483
http://www.wikidata.org/entity/Q117207735,water heater pan,1835
http://www.wikidata.org/entity/Q116970908,in-line water filter,2055
http://www.wikidata.org/entity/Q2480927,tuyau d'arrosage,2313
http://www.wikidata.org/entity/Q117209430,go karts & dune buggy,2528
http://www.wikidata.org/entity/Q117209338,vehicle bicycle rack,2836
http://www.wikidata.org/entity/Q1571429,antidémarrage,3024
http://www.wikidata.org/entity/Q117207419,ropes & hardware cable,3053
http://www.wikidata.org/entity/Q116961805,wireless transmitter,3242
http://www.wikidata.org/entity/Q116961661,arcade equipment,3356
http://www.wikidata.org/entity/Q1541241,filtre à café,3450
http://www.wikidata.org/entity/Q116961804,stage equipment,3727
http://www.wikidata.org/entity/Q116961674,pinball machine accessory,3946
http://www.wikidata.org/entity/Q214488,cendrier,4082
http://www.wikidata.org/entity/Q305026,pédale,4593
http://www.wikidata.org/entity/Q117208099,chainsaw bar,4647
http://www.wikidata.org/entity/Q117207846,waste container lid,4717
http://www.wikidata.org/entity/Q116961083,clarinet pegs & stand,4823
http://www.wikidata.org/entity/Q5347026,Tarp,4988
http://www.wikidata.org/entity/Q116970884,shower water filter,5048
http://www.wikidata.org/entity/Q116958055,aquarium & pond tubing,505303
http://www.wikidata.org/entity/Q623106,fraiseuse,5077
http://www.wikidata.org/entity/Q116960295,watch accessory,5122
http://www.wikidata.org/entity/Q116971390,knife blocks & holder,5157
http://www.wikidata.org/entity/Q117208925,horse boots & leg wrap,5569
http://www.wikidata.org/entity/Q117208402,memorial ceremony supply,5606
http://www.wikidata.org/entity/Q117208857,tent accessory,5655
http://www.wikidata.org/entity/Q5506413,fruit snack,5744
http://www.wikidata.org/entity/Q426337,fromage à la crème,5785
http://www.wikidata.org/entity/Q1097922,jambière,5941
http://www.wikidata.org/entity/Q1327500,instrument de musique électronique,6001
http://www.wikidata.org/entity/Q163829,synthétiseur,6003
http://www.wikidata.org/entity/Q117209336,vehicle base rack system,6041
http://www.wikidata.org/entity/Q117208377,pens & pencil,6065
http://www.wikidata.org/entity/Q208320,gong,6098
http://www.wikidata.org/entity/Q116960153,long skirt,6228
http://www.wikidata.org/entity/Q16657776,Longane,6640
http://www.wikidata.org/entity/Q117207595,bird & wildlife feeder,6993
http://www.wikidata.org/entity/Q116970454,battery accessory,7166
http://www.wikidata.org/entity/Q7639022,suncatcher,7173
http://www.wikidata.org/entity/Q117208167,lamp post base,7338
http://www.wikidata.org/entity/Q117209125,poker chip carriers & tray,7384
http://www.wikidata.org/entity/Q116961485,dental tool,7499
http://www.wikidata.org/entity/Q117208955,fishing rod accessory,8093
http://www.wikidata.org/entity/Q116961492,prophy head,8120
http://www.wikidata.org/entity/Q116960420,craft foil,8168
http://www.wikidata.org/entity/Q1528703,Béquille latérale,8239
http://www.wikidata.org/entity/Q116037385,pretend shopping & grocery toy,8295
http://www.wikidata.org/entity/Q117207373,weapon scopes & sight,1695
http://www.wikidata.org/entity/Q116970852,plumbing regulator,2611
http://www.wikidata.org/entity/Q116971458,windshield repair kit,2647
http://www.wikidata.org/entity/Q827658,crème solaire,2844
http://www.wikidata.org/entity/Q116961354,baby toys & activity equipment,2847
http://www.wikidata.org/entity/Q117208693,weight lifting machine & exercise bench accessory,3217
http://www.wikidata.org/entity/Q7698992,temporary tattoo,3509
http://www.wikidata.org/entity/Q117208850,mosquito nets & insect screen,3538
http://www.wikidata.org/entity/Q116971275,band saw,3582
http://www.wikidata.org/entity/Q116970389,laptop replacement screen,4102
http://www.wikidata.org/entity/Q117208974,golf club grip,4254
http://www.wikidata.org/entity/Q18226480,coffee creamer,4418
http://www.wikidata.org/entity/Q259438,millet,4686
http://www.wikidata.org/entity/Q116961106,oboe & english horn accessory,4793
http://www.wikidata.org/entity/Q1149078,Cierge magique,4915
http://www.wikidata.org/entity/Q2299582,courbes de croissance,499693
http://www.wikidata.org/entity/Q117208198,pool cover accessory,500050
http://www.wikidata.org/entity/Q116221571,false eyelash accessory,502996
http://www.wikidata.org/entity/Q117208501,field & court boundary marker,505813
http://www.wikidata.org/entity/Q1881858,eau de source,543532
http://www.wikidata.org/entity/Q116971360,cooking torch,5928
http://www.wikidata.org/entity/Q117209278,motorcycle knee & shin guard,5962
http://www.wikidata.org/entity/Q104030862,graine de quinoa,6259
http://www.wikidata.org/entity/Q116221636,skin care extractor product,6261
http://www.wikidata.org/entity/Q116220916,blood pressure monitor cuff,6285
http://www.wikidata.org/entity/Q5881191,melon,6649
http://www.wikidata.org/entity/Q115618640,cactus leaf,6808
http://www.wikidata.org/entity/Q117208673,hand exerciser,6867
http://www.wikidata.org/entity/Q117208312,portfolios & padfolio,6885
http://www.wikidata.org/entity/Q117207932,fondue set accessory,6944
http://www.wikidata.org/entity/Q116961392,diaper liner,6949
http://www.wikidata.org/entity/Q116961479,livestock feeders & waterer,6990
http://www.wikidata.org/entity/Q116960253,hand muff,7133
http://www.wikidata.org/entity/Q117207494,enema kits & supply,7134
http://www.wikidata.org/entity/Q117207637,mailbox cover,7177
http://www.wikidata.org/entity/Q117209181,off-road and all-terrain vehicle rims & wheel,7253
http://www.wikidata.org/entity/Q116960149,outfit set,7313
http://www.wikidata.org/entity/Q116221574,false eyelash applicator,7493
http://www.wikidata.org/entity/Q117209225,vehicle shift knob,8142
http://www.wikidata.org/entity/Q116961901,audio & video splitters & switch,8156
http://www.wikidata.org/entity/Q117207514,massage stone warmer,8530
http://www.wikidata.org/entity/Q752870,véhicule à moteur,1267
http://www.wikidata.org/entity/Q116970963,wall plates & cover,2377
http://www.wikidata.org/entity/Q116961374,baby transport accessory,4386
http://www.wikidata.org/entity/Q522171,sauce piquante,4614
http://www.wikidata.org/entity/Q117207937,food dehydrator sheet,4655
http://www.wikidata.org/entity/Q117207526,toothbrush accessory,4775
http://www.wikidata.org/entity/Q116961802,dj cd player,4922
http://www.wikidata.org/entity/Q116958211,small animal supply,5013
http://www.wikidata.org/entity/Q116958213,small animal food,5015
http://www.wikidata.org/entity/Q117208158,night lights & ambient lighting,505826
http://www.wikidata.org/entity/Q115618686,Salad Mix,5792
http://www.wikidata.org/entity/Q117207693,emergency food kit,5836
http://www.wikidata.org/entity/Q116037400,remote control motorcycle,5968
http://www.wikidata.org/entity/Q116971150,band saw accessory,7515
http://www.wikidata.org/entity/Q979617,coquetier,7550
http://www.wikidata.org/entity/Q117208566,altitude training mask,8222
http://www.wikidata.org/entity/Q117207858,wine bottle holder,8493
http://www.wikidata.org/entity/Q116970842,plumbing fittings & support,1810
http://www.wikidata.org/entity/Q117208199,pool covers & ground cloth,2994
http://www.wikidata.org/entity/Q117208918,bicycle wheel nipple,4601
http://www.wikidata.org/entity/Q117207921,coffee grinder accessory,4786
http://www.wikidata.org/entity/Q116961759,bluetooth transmitter,5130
http://www.wikidata.org/entity/Q116221278,accessibility furniture & fixture,5488
http://www.wikidata.org/entity/Q117208780,kitesurfing kite,5582
http://www.wikidata.org/entity/Q117208753,kayak accessory,6312
http://www.wikidata.org/entity/Q1891952,rond de serviette,6324
http://www.wikidata.org/entity/Q117207603,desk & shelf clock,6912
http://www.wikidata.org/entity/Q117208030,drinkware set,6958
http://www.wikidata.org/entity/Q116971027,drill & screwdriver bit,1540
http://www.wikidata.org/entity/Q969694,hatch,2030
http://www.wikidata.org/entity/Q116961865,converter,2182
http://www.wikidata.org/entity/Q117208153,light ropes & string,2608
http://www.wikidata.org/entity/Q116221679,false eyelash,2761
http://www.wikidata.org/entity/Q1142497,airsoft gun,3093
http://www.wikidata.org/entity/Q117209083,skateboard part,3670
http://www.wikidata.org/entity/Q116037157,vintage advertisement,3893
http://www.wikidata.org/entity/Q2893424,bec de clarinette,4831
http://www.wikidata.org/entity/Q116971453,vehicle body filler,499774
http://www.wikidata.org/entity/Q117208246,gun cases & range bag,500048
http://www.wikidata.org/entity/Q116970365,computer interface cards & adapter,505299
http://www.wikidata.org/entity/Q116961236,chair sash,505763
http://www.wikidata.org/entity/Q117208701,yoga mat bags & strap,5107
http://www.wikidata.org/entity/Q1197400,croûton,5746
http://www.wikidata.org/entity/Q116960151,knee-length skirt,6229
http://www.wikidata.org/entity/Q117208752,canoe accessory,6314
http://www.wikidata.org/entity/Q117209328,motor vehicle carrying rack accessory,6454
http://www.wikidata.org/entity/Q117207974,water cooler bottle,7119
http://www.wikidata.org/entity/Q116960889,drum stick & brush accessory,7150
http://www.wikidata.org/entity/Q117209133,inflatable bouncer accessory,7219
http://www.wikidata.org/entity/Q116961487,dental mirror,7498
http://www.wikidata.org/entity/Q1894423,fart,8074
http://www.wikidata.org/entity/Q191657,étrier,8109
http://www.wikidata.org/entity/Q116970358,e-book reader part,8162
http://www.wikidata.org/entity/Q116970438,laptop battery,1564
http://www.wikidata.org/entity/Q17176801,Couteau à palette,1653
http://www.wikidata.org/entity/Q7397,logiciel,2092
http://www.wikidata.org/entity/Q11022,vis de fixation,2251
http://www.wikidata.org/entity/Q146470,brandy,2364
http://www.wikidata.org/entity/Q1340459,Répulsif,2865
http://www.wikidata.org/entity/Q117207392,studio lights & flash,2926
http://www.wikidata.org/entity/Q117207367,tripod & monopod head,4639
http://www.wikidata.org/entity/Q117207925,"cooktop, oven & range accessory",500004
http://www.wikidata.org/entity/Q116970408,tablet computer housings & trim,503002
http://www.wikidata.org/entity/Q116961047,orchestral string instrument string,503034
http://www.wikidata.org/entity/Q117207530,toothpaste squeezers & dispenser,5154
http://www.wikidata.org/entity/Q1124273,crampons,5394
http://www.wikidata.org/entity/Q116961613,safety glove,5591
http://www.wikidata.org/entity/Q1486507,Brouillage et déception radar,5612
http://www.wikidata.org/entity/Q639783,Valet de nuit,5716
http://www.wikidata.org/entity/Q658413,chapelure,5773
http://www.wikidata.org/entity/Q117209280,motorcycle neck brace,5961
http://www.wikidata.org/entity/Q116960501,spinning wheel accessory,6136
http://www.wikidata.org/entity/Q117208054,landscape fabric accessory,6413
http://www.wikidata.org/entity/Q117208884,bicycle shock pump,6506
http://www.wikidata.org/entity/Q752296,palme,6511
http://www.wikidata.org/entity/Q117207632,lawn ornaments & garden sculpture,6547
http://www.wikidata.org/entity/Q2735883,concombre,6608
http://www.wikidata.org/entity/Q104223904,watercress,6700
http://www.wikidata.org/entity/Q581851,caméra thermique,6799
http://www.wikidata.org/entity/Q67206407,shallot,6818
http://www.wikidata.org/entity/Q116970647,slipper chair,6859
http://www.wikidata.org/entity/Q116970655,futon frame,6860
http://www.wikidata.org/entity/Q117209343,vehicle gun rack,7115
http://www.wikidata.org/entity/Q117208118,leaf blower tube,7171
http://www.wikidata.org/entity/Q117207797,dry cleaning kit,7320
http://www.wikidata.org/entity/Q117209118,blackjack & craps set,7411
http://www.wikidata.org/entity/Q117209129,roulette wheels & set,7412
http://www.wikidata.org/entity/Q116221014,tube feeding supplement,7413
http://www.wikidata.org/entity/Q3891158,mallet-instrument,7431
http://www.wikidata.org/entity/Q117208903,bicycle headset bearing,7480
http://www.wikidata.org/entity/Q1158805,cuiseur vapeur,760
http://www.wikidata.org/entity/Q117208046,tablecloth clips & weight,8046
http://www.wikidata.org/entity/Q116036896,disposable lid,8059
http://www.wikidata.org/entity/Q116221675,eye primer,8220
http://www.wikidata.org/entity/Q116971449,motor vehicle brake service kit,8260
http://www.wikidata.org/entity/Q117209200,tonneau cover,8308
http://www.wikidata.org/entity/Q117208576,sports & agility cone,8319
http://www.wikidata.org/entity/Q117208148,flood & spot light,1546
http://www.wikidata.org/entity/Q167893,mayonnaise,1568
http://www.wikidata.org/entity/Q116970896,toilet trim,2478
http://www.wikidata.org/entity/Q117207380,retouching equipment & supply,2516
http://www.wikidata.org/entity/Q1306808,Parasol chauffant,2649
http://www.wikidata.org/entity/Q2100922,Poker table,2693
http://www.wikidata.org/entity/Q117207521,gum stimulator,2769
http://www.wikidata.org/entity/Q117208155,cabinet light fixture,2809
http://www.wikidata.org/entity/Q117208193,pool & spa filter,2981
http://www.wikidata.org/entity/Q117207500,corn & callus care supply,3022
http://www.wikidata.org/entity/Q899600,meat thermometer,3091
http://www.wikidata.org/entity/Q116037353,science & exploration set,3500
http://www.wikidata.org/entity/Q117209355,travel trailer,4243
http://www.wikidata.org/entity/Q116970481,marine radio,4450
http://www.wikidata.org/entity/Q11254,sel alimentaire,4611
http://www.wikidata.org/entity/Q10990,viande,4628
http://www.wikidata.org/entity/Q117207801,fabric stain remover,4657
http://www.wikidata.org/entity/Q116971413,pastry cloth,4708
http://www.wikidata.org/entity/Q116971182,wheelbarrow part,4972
http://www.wikidata.org/entity/Q117207723,garment steamer accessory,5158
http://www.wikidata.org/entity/Q1444064,déambulateur,5166
http://www.wikidata.org/entity/Q1227035,stylet,5308
http://www.wikidata.org/entity/Q177792,capodastre,5367
http://www.wikidata.org/entity/Q1643652,télémètre,5487
http://www.wikidata.org/entity/Q117207836,umbrella stands & rack,5494
http://www.wikidata.org/entity/Q117207555,eyewear cases & holder,5507
http://www.wikidata.org/entity/Q116971051,gas detector accessory,5556
http://www.wikidata.org/entity/Q117208052,gardening tote,5633
http://www.wikidata.org/entity/Q192783,donut,5751
http://www.wikidata.org/entity/Q1194601,graisse alimentaire,5765
http://www.wikidata.org/entity/Q117208280,model & toys manual,5860
http://www.wikidata.org/entity/Q7832077,Trade show display,5865
http://www.wikidata.org/entity/Q4112083,monnaie virtuelle,5935
http://www.wikidata.org/entity/Q480324,vitre teintée,5989
http://www.wikidata.org/entity/Q117208421,media viewing software,6028
http://www.wikidata.org/entity/Q116960537,latch & locker hook,6168
http://www.wikidata.org/entity/Q117207799,fabric refresher,6240
http://www.wikidata.org/entity/Q117207681,curtain holdbacks & tassel,6255
http://www.wikidata.org/entity/Q117208165,track lighting rail,6273
http://www.wikidata.org/entity/Q116037411,wagon,6379
http://www.wikidata.org/entity/Q117208878,bicycle cover,6442
http://www.wikidata.org/entity/Q117207908,food container cover,6481
http://www.wikidata.org/entity/Q117208949,fishing bait & chum container,6495
http://www.wikidata.org/entity/Q117207669,nativity set,6531
http://www.wikidata.org/entity/Q12047207,Abelmoschus esculentus,6657
http://www.wikidata.org/entity/Q104176793,tangelo,6697
http://www.wikidata.org/entity/Q1105371,sauce cocktail,6772
http://www.wikidata.org/entity/Q115619076,cheese dips and spreads,6831
http://www.wikidata.org/entity/Q1343997,substitut de viande,6843
http://www.wikidata.org/entity/Q12511,escalier,7004
http://www.wikidata.org/entity/Q116971038,hammer accessory,7056
http://www.wikidata.org/entity/Q116960414,needlecraft kit,7096
http://www.wikidata.org/entity/Q116970690,sofa accessory,7212
http://www.wikidata.org/entity/Q115634215,dry ice maker,7218
http://www.wikidata.org/entity/Q116960186,chef's pants,7236
http://www.wikidata.org/entity/Q116961338,pacifier wipe,7309
http://www.wikidata.org/entity/Q192940,accéléromètre,7395
http://www.wikidata.org/entity/Q117207575,toilet brush replacement head,7509
http://www.wikidata.org/entity/Q1419194,Lève-personne,7522
http://www.wikidata.org/entity/Q1744471,rinse aid,7552
http://www.wikidata.org/entity/Q116221859,compressed skin care mask sheet,8029
http://www.wikidata.org/entity/Q117208861,windbreak,8079
http://www.wikidata.org/entity/Q116961238,decorative pom-pom,8216
http://www.wikidata.org/entity/Q116961484,traffic cones & barrel,8278
http://www.wikidata.org/entity/Q117209203,vehicle storage cover,8309
http://www.wikidata.org/entity/Q117209264,motor vehicle body paint,8450
http://www.wikidata.org/entity/Q116961496,finance & insurance product,1813
http://www.wikidata.org/entity/Q1506083,bâton sauteur,1863
http://www.wikidata.org/entity/Q117208381,paper handling,2014
http://www.wikidata.org/entity/Q50316288,peigne,2477
http://www.wikidata.org/entity/Q457689,planche de surf,3320
http://www.wikidata.org/entity/Q117208618,tennis racquet grips & tape,3403
http://www.wikidata.org/entity/Q2035256,Pull-buoy,3595
http://www.wikidata.org/entity/Q1321250,vanité,4148
http://www.wikidata.org/entity/Q116970390,laptop replacement speaker,43617
http://www.wikidata.org/entity/Q389980,dégrafeuse,4499
http://www.wikidata.org/entity/Q117207896,wok ring,4662
http://www.wikidata.org/entity/Q116971417,rolling pin covers & sleeve,4706
http://www.wikidata.org/entity/Q3055110,oven bag,4771
http://www.wikidata.org/entity/Q117207528,toothbrush replacement head,4776
http://www.wikidata.org/entity/Q116221673,costume & stage makeup,4779
http://www.wikidata.org/entity/Q34735,boussole,4785
http://www.wikidata.org/entity/Q116961800,dj & specialty audio,4921
http://www.wikidata.org/entity/Q117208286,book light,4941
http://www.wikidata.org/entity/Q583269,jeu de cartes de tarot,499711
http://www.wikidata.org/entity/Q116970898,bathroom suite,499999
http://www.wikidata.org/entity/Q116960255,maternity belts & support band,502987
http://www.wikidata.org/entity/Q117208279,kitchen appliance manual,5040
http://www.wikidata.org/entity/Q117207765,cleaning glove,5113
http://www.wikidata.org/entity/Q2890821,crash cart,5173
http://www.wikidata.org/entity/Q116970465,power supply enclosure,5274
http://www.wikidata.org/entity/Q116961421,bottle warmers & sterilizer,5296
http://www.wikidata.org/entity/Q116961431,nursing pillow,5298
http://www.wikidata.org/entity/Q116958028,prescription cat food,543683
http://www.wikidata.org/entity/Q116960200,wedding & bridal party dress,5441
http://www.wikidata.org/entity/Q117208777,kiteboard case,5584
http://www.wikidata.org/entity/Q117208226,luggage strap,5652
http://www.wikidata.org/entity/Q116960162,iromuji kimono,5681
http://www.wikidata.org/entity/Q632265,mobile phone jammer,5696
http://www.wikidata.org/entity/Q56065735,Vêtement d'intérieur,5713
http://www.wikidata.org/entity/Q115618431,olives and capers,5760
http://www.wikidata.org/entity/Q115619209,"tofu, soy and vegetarian products",5807
http://www.wikidata.org/entity/Q117207874,cookware & bakeware combo set,6071
http://www.wikidata.org/entity/Q116960544,fiber cards & brush,6164
http://www.wikidata.org/entity/Q117208349,file cart,6180
http://www.wikidata.org/entity/Q4959842,spray buccal,6189
http://www.wikidata.org/entity/Q116960158,japanese black formal wear,6227
http://www.wikidata.org/entity/Q97222526,Ups batteries,6289
http://www.wikidata.org/entity/Q117208344,chair mat,6521
http://www.wikidata.org/entity/Q3346786,nèfle du Japon,6639
http://www.wikidata.org/entity/Q55706475,Jerusalem artichoke,6693
http://www.wikidata.org/entity/Q116961913,wire & cable sleeve,6780
http://www.wikidata.org/entity/Q129031,tapenade,6784
http://www.wikidata.org/entity/Q117207473,facial pore strip,6791
http://www.wikidata.org/entity/Q116970695,table leg,6911
http://www.wikidata.org/entity/Q116961391,diaper kit,7014
http://www.wikidata.org/entity/Q116970940,ballasts & starter,7183
http://www.wikidata.org/entity/Q116961385,baby wipe dispensers & warmer,7200
http://www.wikidata.org/entity/Q117208126,outdoor power equipment battery,7333
http://www.wikidata.org/entity/Q116970521,toner & inkjet cartridge refill,7362
http://www.wikidata.org/entity/Q104888119,axe handle,7370
http://www.wikidata.org/entity/Q188463,spectromètre,7393
http://www.wikidata.org/entity/Q117207568,hand dryer accessory,8016
http://www.wikidata.org/entity/Q117207792,shop towels & general-purpose cleaning cloth,8071
http://www.wikidata.org/entity/Q117209217,vehicle hitch cover,8145
http://www.wikidata.org/entity/Q115617936,Tea & Infusions,2073
http://www.wikidata.org/entity/Q7197242,Cybant,2634
http://www.wikidata.org/entity/Q199990,blaireau,2681
http://www.wikidata.org/entity/Q117209305,vehicle safety equipment,2879
http://www.wikidata.org/entity/Q117209190,vehicle cleaning,2895
http://www.wikidata.org/entity/Q116970847,pipe caps & plug,2909
http://www.wikidata.org/entity/Q1963534,dissolvant,2946
http://www.wikidata.org/entity/Q3663923,darkroom easel,2969
http://www.wikidata.org/entity/Q849349,tom,3005
http://www.wikidata.org/entity/Q117208444,american football face mask,3090
http://www.wikidata.org/entity/Q9377824,rope bag,3201
http://www.wikidata.org/entity/Q17016070,basketball uniform,3439
http://www.wikidata.org/entity/Q116961564,money handling product,4181
http://www.wikidata.org/entity/Q116970388,laptop replacement keyboard,4301
http://www.wikidata.org/entity/Q187140,Bécher,4310
http://www.wikidata.org/entity/Q116037302,activity toy,4352
http://www.wikidata.org/entity/Q117207870,bakeware accessory,4502
http://www.wikidata.org/entity/Q1128099,pelle à poussière,4515
http://www.wikidata.org/entity/Q212758,réveille-matin,4546
http://www.wikidata.org/entity/Q2472574,tea strainer,4559
http://www.wikidata.org/entity/Q229336,lunettes stéréoscopiques,4760
http://www.wikidata.org/entity/Q116961149,saxophone straps & support,4859
http://www.wikidata.org/entity/Q116961803,dj system,4923
http://www.wikidata.org/entity/Q1453244,conduit,499874
http://www.wikidata.org/entity/Q116958057,aquarium cleaning supply,500038
http://www.wikidata.org/entity/Q117207401,garden borders & edging product,502986
http://www.wikidata.org/entity/Q117207370,tripod spreader,503016
http://www.wikidata.org/entity/Q116961046,orchestral string instrument stand,503035
http://www.wikidata.org/entity/Q116961224,gift boxes & tin,5091
http://www.wikidata.org/entity/Q116958069,aquarium water treatment,5161
http://www.wikidata.org/entity/Q117207357,binocular & monocular accessory,5282
http://www.wikidata.org/entity/Q116960116,baby & toddler top,5410
http://www.wikidata.org/entity/Q116970646,kitchen & dining room chair,5886
http://www.wikidata.org/entity/Q116961601,sidewalk & yard sign,5899
http://www.wikidata.org/entity/Q116037405,remote control tank,5969
http://www.wikidata.org/entity/Q116037367,toy race car & track accessory,5971
http://www.wikidata.org/entity/Q73166790,hair color remover,6053
http://www.wikidata.org/entity/Q116960546,hand spindle,6138
http://www.wikidata.org/entity/Q50643,arrosoir,6318
http://www.wikidata.org/entity/Q115633992,medical teaching equipment,6490
http://www.wikidata.org/entity/Q117207696,fireplace & wood stove grate,6563
http://www.wikidata.org/entity/Q13194,kiwi,6633
http://www.wikidata.org/entity/Q104820889,water chestnut,6701
http://www.wikidata.org/entity/Q48996973,gaming chair,6800
http://www.wikidata.org/entity/Q117208924,horse blankets & sheet,6898
http://www.wikidata.org/entity/Q117207527,toothbrush cover,6920
http://www.wikidata.org/entity/Q117208310,mail sorter,6962
http://www.wikidata.org/entity/Q117207559,sunglass lens,6977
http://www.wikidata.org/entity/Q117209151,jigsaw puzzle accessory,7081
http://www.wikidata.org/entity/Q116961425,breast milk storage container,7234
http://www.wikidata.org/entity/Q1575231,hand drum,7295
http://www.wikidata.org/entity/Q116970677,outdoor storage box,7310
http://www.wikidata.org/entity/Q117208966,golf accessory set,7314
http://www.wikidata.org/entity/Q117208931,horse vitamins & supplement,7459
http://www.wikidata.org/entity/Q116970666,office chair accessory,7559
http://www.wikidata.org/entity/Q117209019,airsoft gun battery,8005
http://www.wikidata.org/entity/Q116970688,shelving accessory,8023
http://www.wikidata.org/entity/Q117209227,vehicle wrap,8202
http://www.wikidata.org/entity/Q117207511,shampoo & conditioner,2441
http://www.wikidata.org/entity/Q806880,bannière,2531
http://www.wikidata.org/entity/Q180253,pile à combustible,2978
http://www.wikidata.org/entity/Q1047579,cible,3170
http://www.wikidata.org/entity/Q116960318,bicycle glove,3246
http://www.wikidata.org/entity/Q117208908,bicycle small part,4596
http://www.wikidata.org/entity/Q117208100,chainsaw chain,4646
http://www.wikidata.org/entity/Q116961312,baby bathing item,4678
http://www.wikidata.org/entity/Q117208637,volleyball knee pad,499789
http://www.wikidata.org/entity/Q117208249,gun cleaning patch,499856
http://www.wikidata.org/entity/Q117207341,camera grip,500037
http://www.wikidata.org/entity/Q117208915,bicycle hub part,500053
http://www.wikidata.org/entity/Q2487743,congélateur,500057
http://www.wikidata.org/entity/Q16709910,ultrasonic cleaner,500081
http://www.wikidata.org/entity/Q116970537,speed radar,500091
http://www.wikidata.org/entity/Q116958215,small animal habitat accessory,5016
http://www.wikidata.org/entity/Q116961520,"pulleys, blocks & sheaf",503769
http://www.wikidata.org/entity/Q116958095,pet door accessory,505811
http://www.wikidata.org/entity/Q116970703,sewing machine table,5121
http://www.wikidata.org/entity/Q116970557,projector mount,5257
http://www.wikidata.org/entity/Q116961270,place card holder,5472
http://www.wikidata.org/entity/Q116960163,komon kimono,5680
http://www.wikidata.org/entity/Q5307705,drink mixer,5725
http://www.wikidata.org/entity/Q5190246,pie crust,5753
http://www.wikidata.org/entity/Q116221664,maquillage pour le corps,5978
http://www.wikidata.org/entity/Q116221666,body & hair glitter,5981
http://www.wikidata.org/entity/Q117207315,model making product,5999
http://www.wikidata.org/entity/Q116960521,screen printing squeegee,6125
http://www.wikidata.org/entity/Q953631,casque antibruits,6238
http://www.wikidata.org/entity/Q541357,Lei,6268
http://www.wikidata.org/entity/Q116970659,workspace table,6363
http://www.wikidata.org/entity/Q116961444,cribs & toddler bed,6394
http://www.wikidata.org/entity/Q116960294,jewelry set,6463
http://www.wikidata.org/entity/Q4846242,Brassica rapa subsp. chinensis var. parachinensis,6610
http://www.wikidata.org/entity/Q117207841,waste containment accessory,6757
http://www.wikidata.org/entity/Q117207496,feminine deodorant,6862
http://www.wikidata.org/entity/Q116970694,table accessory,6913
http://www.wikidata.org/entity/Q117207859,wine glass charm,7008
http://www.wikidata.org/entity/Q18424725,Absinthe fountains,7075
http://www.wikidata.org/entity/Q116037396,remote control airships & blimp,7090
http://www.wikidata.org/entity/Q117208792,child swimming aid,7104
http://www.wikidata.org/entity/Q117208093,outdoor power equipment base unit,7332
http://www.wikidata.org/entity/Q117209004,hunting & shooting protective gear,7460
http://www.wikidata.org/entity/Q116971432,bulb planting tool,7537
http://www.wikidata.org/entity/Q117208326,"laminating film, pouches & sheet",8015
http://www.wikidata.org/entity/Q117207682,window treatment replacement part,8042
http://www.wikidata.org/entity/Q117207515,massage stone,8135
http://www.wikidata.org/entity/Q117208124,tiller & cultivator attachment,8488
http://www.wikidata.org/entity/Q116961818,pool & spa circuit board,8549
http://www.wikidata.org/entity/Q116971205,manual hammer,2208
http://www.wikidata.org/entity/Q345127,robe,2302
http://www.wikidata.org/entity/Q117208459,baseball & softball pitching mound,234670
http://www.wikidata.org/entity/Q193784,huile moteur,3044
http://www.wikidata.org/entity/Q246514,balle de tennis,3113
http://www.wikidata.org/entity/Q21944833,globe terrestre,3262
http://www.wikidata.org/entity/Q20197154,hair straightener,3407
http://www.wikidata.org/entity/Q117207644,music box,3473
http://www.wikidata.org/entity/Q116960845,brass instrument care & cleaning,4797
http://www.wikidata.org/entity/Q116961107,oboe care & cleaning,4843
http://www.wikidata.org/entity/Q117209091,avalanche safety,499951
http://www.wikidata.org/entity/Q117207617,flag & windsock pole mounting hardware & kit,503010
http://www.wikidata.org/entity/Q116220918,body weight scale accessory,5072
http://www.wikidata.org/entity/Q117207926,cotton candy machine accessory,5076
http://www.wikidata.org/entity/Q106763406,cake board,5135
http://www.wikidata.org/entity/Q117207724,iron accessory,5159
http://www.wikidata.org/entity/Q115633837,chiropractic table,5168
http://www.wikidata.org/entity/Q117208410,business & productivity software,5300
http://www.wikidata.org/entity/Q17115978,egg analogue,543549
http://www.wikidata.org/entity/Q117207364,weapon scope & sight accessory,5543
http://www.wikidata.org/entity/Q115618359,pastries and scones,5750
http://www.wikidata.org/entity/Q115618523,pie and pastry fillings,5800
http://www.wikidata.org/entity/Q10426,assiette anglaise,5804
http://www.wikidata.org/entity/Q116961508,industrial cabinet,5832
http://www.wikidata.org/entity/Q2460567,turban,5939
http://www.wikidata.org/entity/Q2499551,casque de hockey,6080
http://www.wikidata.org/entity/Q117208114,lawn mower tire,6095
http://www.wikidata.org/entity/Q116961219,corsage & boutonnière pin,6100
http://www.wikidata.org/entity/Q1440357,aiguille à tricoter,6139
http://www.wikidata.org/entity/Q116960289,badge & pass holder,6170
http://www.wikidata.org/entity/Q117207677,window treatment accessory,6254
http://www.wikidata.org/entity/Q116958106,pet combs & brush,6385
http://www.wikidata.org/entity/Q11289538,Inflatable bouncers,6396
http://www.wikidata.org/entity/Q504781,Moutarde brune,6616
http://www.wikidata.org/entity/Q116958193,pet training pad,6846
http://www.wikidata.org/entity/Q117207485,wart remover,6863
http://www.wikidata.org/entity/Q116960888,drum kit mounting hardware,7102
http://www.wikidata.org/entity/Q327754,filtre électronique,7258
http://www.wikidata.org/entity/Q213100,tablâ,7302
http://www.wikidata.org/entity/Q116961362,baby soother,7360
http://www.wikidata.org/entity/Q116970798,door keyhole escutcheon,99338
http://www.wikidata.org/entity/Q117209388,watercraft alternator,3143
http://www.wikidata.org/entity/Q161798,roue de vélo,3216
http://www.wikidata.org/entity/Q117207319,scale model kit,4175
http://www.wikidata.org/entity/Q116970567,tv replacement speaker,43616
http://www.wikidata.org/entity/Q117208651,cardio machine accessory,4598
http://www.wikidata.org/entity/Q116961131,saxophone care & cleaning,4852
http://www.wikidata.org/entity/Q116961050,string instrument cleaning cloth,4911
http://www.wikidata.org/entity/Q115795107,bird treat,4993
http://www.wikidata.org/entity/Q117208192,pool & spa chlorine generator,500042
http://www.wikidata.org/entity/Q117207429,hardware fastener,500054
http://www.wikidata.org/entity/Q117207449,tool organizer liners & insert,500103
http://www.wikidata.org/entity/Q5227259,Data collector,5256
http://www.wikidata.org/entity/Q117208847,compression sack,5636
http://www.wikidata.org/entity/Q170173,yacht,5644
http://www.wikidata.org/entity/Q116961428,nursing cover,5843
http://www.wikidata.org/entity/Q12717731,Decorative plate,5875
http://www.wikidata.org/entity/Q117207468,jewelry holder,5974
http://www.wikidata.org/entity/Q17087314,weighted clothing,6103
http://www.wikidata.org/entity/Q117207354,underwater camera housing,6307
http://www.wikidata.org/entity/Q117209116,battle top,6329
http://www.wikidata.org/entity/Q47107,seau,6437
http://www.wikidata.org/entity/Q3546960,Tête de violon,6615
http://www.wikidata.org/entity/Q147202,chou-rave,6628
http://www.wikidata.org/entity/Q117208011,donut maker,6819
http://www.wikidata.org/entity/Q7973855,Water timer,6832
http://www.wikidata.org/entity/Q117209202,vehicle soft top,7031
http://www.wikidata.org/entity/Q117209094,ski & snowboard bag,7224
http://www.wikidata.org/entity/Q117207739,duct heater,7328
http://www.wikidata.org/entity/Q117208568,ball carrying bags & cart,7397
http://www.wikidata.org/entity/Q117208020,prefabricated kitchens & kitchenette,8161
http://www.wikidata.org/entity/Q116971031,drill stands & guide,8275
http://www.wikidata.org/entity/Q116958219,vehicle pet barrier,8474
http://www.wikidata.org/entity/Q116961891,electronics accessory,2082
http://www.wikidata.org/entity/Q116960422,vellum paper,2741
http://www.wikidata.org/entity/Q116960901,guitar accessory,3502
http://www.wikidata.org/entity/Q117208095,power sweeper,500016
http://www.wikidata.org/entity/Q117207346,camera silencers & sound blimp,503020
http://www.wikidata.org/entity/Q116960478,leather & vinyl,505383
http://www.wikidata.org/entity/Q116971329,manual massage tool,543597
http://www.wikidata.org/entity/Q696105,soju,543643
http://www.wikidata.org/entity/Q115618760,fruit sauce,5794
http://www.wikidata.org/entity/Q943935,seitan,5808
http://www.wikidata.org/entity/Q117208985,air suit,5877
http://www.wikidata.org/entity/Q1949973,motorcycle tyre,6091
http://www.wikidata.org/entity/Q23773,couteau de combat,6109
http://www.wikidata.org/entity/Q115618379,candy covered fruit,6219
http://www.wikidata.org/entity/Q116960285,handbag & wallet accessory,6552
http://www.wikidata.org/entity/Q117208196,pool cleaner hose,6771
http://www.wikidata.org/entity/Q116960882,cymbal & drum case,7100
http://www.wikidata.org/entity/Q117208486,punching & training bag accessory,7129
http://www.wikidata.org/entity/Q117208132,weed trimmer blades & spool,7170
http://www.wikidata.org/entity/Q40763,graine,2802
http://www.wikidata.org/entity/Q117209367,anchor chain,3452
http://www.wikidata.org/entity/Q2296561,cire épilatoire,4508
http://www.wikidata.org/entity/Q116961071,clarinet cases & gigbag,4819
http://www.wikidata.org/entity/Q116221102,allergy test kit,499934
http://www.wikidata.org/entity/Q2213323,string winder,503721
http://www.wikidata.org/entity/Q10940,suspensoir,5327
http://www.wikidata.org/entity/Q5693316,heat rub,5848
http://www.wikidata.org/entity/Q116960562,felting mold,6135
http://www.wikidata.org/entity/Q116971385,can organizer,6480
http://www.wikidata.org/entity/Q114443757,paint tray,6557
http://www.wikidata.org/entity/Q2146147,figue de Barbarie,6593
http://www.wikidata.org/entity/Q59164643,sapote,6647
http://www.wikidata.org/entity/Q116971021,sandblasting cabinet,6940
http://www.wikidata.org/entity/Q116961488,dental tool set,7531
http://www.wikidata.org/entity/Q117208887,bicycle tire repair supplies & kit,499694
http://www.wikidata.org/entity/Q116960304,bicycle cleat accessory,7474
http://www.wikidata.org/entity/Q117208440,american football helmet accessory,3060
http://www.wikidata.org/entity/Q117207771,descalers & decalcifier,500065
http://www.wikidata.org/entity/Q116960201,bridal party dress,5330
http://www.wikidata.org/entity/Q116960229,bridal veil,5446
http://www.wikidata.org/entity/Q116970457,general purpose battery charger,7167
http://www.wikidata.org/entity/Q116971392,napkin holders & dispenser,3072
http://www.wikidata.org/entity/Q93189,œuf,4627
http://www.wikidata.org/entity/Q116961163,accordions & concertina,4983
http://www.wikidata.org/entity/Q117208505,pitch counter,499731
http://www.wikidata.org/entity/Q116960557,sewing baskets & kit,499971
http://www.wikidata.org/entity/Q117207398,fence panel,502973
http://www.wikidata.org/entity/Q116960447,craft & office glue,503745
http://www.wikidata.org/entity/Q72927615,drywall,503776
http://www.wikidata.org/entity/Q116960427,eyelets & grommet,505409
http://www.wikidata.org/entity/Q117208274,records & lp,543523
http://www.wikidata.org/entity/Q274959,eau distillée,543530
http://www.wikidata.org/entity/Q117207343,camera remote control,5532
http://www.wikidata.org/entity/Q843994,stopwatch,5693
http://www.wikidata.org/entity/Q83193,laitue,6637
http://www.wikidata.org/entity/Q116961178,musical scrapers & ratchet,7286
http://www.wikidata.org/entity/Q116037323,ball pit accessory,7311
http://www.wikidata.org/entity/Q117209007,hearing enhancer,7373
http://www.wikidata.org/entity/Q117208947,bite alarm,8064
http://www.wikidata.org/entity/Q3104537,Gestion des câbles,3328
http://www.wikidata.org/entity/Q117208588,racquetball & squash glove,499783
http://www.wikidata.org/entity/Q117208548,hockey goalie equipment set,499890
http://www.wikidata.org/entity/Q115618468,cream and white sauce,500105
http://www.wikidata.org/entity/Q116958058,aquarium decor,5019
http://www.wikidata.org/entity/Q117207626,candle & oil warmer,6336
http://www.wikidata.org/entity/Q107194252,magazine rack,6539
http://www.wikidata.org/entity/Q117208570,ball pump,7434
http://www.wikidata.org/entity/Q115617944,vinegar drink,7528
http://www.wikidata.org/entity/Q115633928,scalpel blade,232166
http://www.wikidata.org/entity/Q117209315,vehicle seat belt cover,326120
http://www.wikidata.org/entity/Q116971178,hair iron accessory,4569
http://www.wikidata.org/entity/Q117208684,weight lifting product,499793
http://www.wikidata.org/entity/Q116960282,costume tobacco product,500008
http://www.wikidata.org/entity/Q116960405,art & craft kit,505370
http://www.wikidata.org/entity/Q117207960,popcorn maker accessory,5075
http://www.wikidata.org/entity/Q117207390,flash reflector,5431
http://www.wikidata.org/entity/Q4771262,antenna rotator,5478
http://www.wikidata.org/entity/Q1153621,Boîte de direct,6546
http://www.wikidata.org/entity/Q105428070,lychee,6638
http://www.wikidata.org/entity/Q1105339,shaker,6956
http://www.wikidata.org/entity/Q117207700,log rack & carrier accessory,7029
http://www.wikidata.org/entity/Q116961360,baby mobile accessory,7191
http://www.wikidata.org/entity/Q6398238,keycap,8067
http://www.wikidata.org/entity/Q4869892,boîtier de piles,8243
http://www.wikidata.org/entity/Q747675,bloss,2858
http://www.wikidata.org/entity/Q117209282,off-road & all-terrain vehicle protective gear,362737
http://www.wikidata.org/entity/Q117208536,lacrosse equipment set,499742
http://www.wikidata.org/entity/Q117207591,"posters, prints, & visual artwork",500044
http://www.wikidata.org/entity/Q175029,anémomètre,500058
http://www.wikidata.org/entity/Q117207417,"chain, wire & rope",502977
http://www.wikidata.org/entity/Q116960854,brass instrument cases & gigbag,505310
http://www.wikidata.org/entity/Q116958196,pet vitamins & supplement,5081
http://www.wikidata.org/entity/Q115633896,surgical table,5172
http://www.wikidata.org/entity/Q117207497,feminine douches & cream,5821
http://www.wikidata.org/entity/Q115633911,medical forceps,6281
http://www.wikidata.org/entity/Q116971039,air hammer accessory,7087
http://www.wikidata.org/entity/Q117208515,cricket protective gear,499736
http://www.wikidata.org/entity/Q117208550,hockey shin guards & leg pad,499755
http://www.wikidata.org/entity/Q8703132,dumpster,500039
http://www.wikidata.org/entity/Q117207602,clock part,505827
http://www.wikidata.org/entity/Q115618809,liquid and frozen egg,543555
http://www.wikidata.org/entity/Q2885586,barrette,543646
http://www.wikidata.org/entity/Q116970895,toilet tank,5665
http://www.wikidata.org/entity/Q116960147,snow pants & suit,5909
http://www.wikidata.org/entity/Q117208590,rounder product,7156
http://www.wikidata.org/entity/Q2296351,autocollant pour pare-chocs,2667
http://www.wikidata.org/entity/Q116970824,window crank,499773
http://www.wikidata.org/entity/Q104197347,pâte à jouer,505818
http://www.wikidata.org/entity/Q116971450,motor vehicle clutch alignment & removal tool,8259
http://www.wikidata.org/entity/Q117209044,inline skate part,499759
http://www.wikidata.org/entity/Q116970428,mobile phone & tablet tripods & monopod,499878
http://www.wikidata.org/entity/Q15978715,lunettes intelligentes,500002
http://www.wikidata.org/entity/Q117207929,electric kettle accessory,500066
http://www.wikidata.org/entity/Q117207350,on-camera monitor,500107
http://www.wikidata.org/entity/Q7674140,Tactile transducer,500119
http://www.wikidata.org/entity/Q116960415,scrapbooking & stamping kit,503758
http://www.wikidata.org/entity/Q445286,Cocktail strainer,505327
http://www.wikidata.org/entity/Q912405,lecteur de carte,505801
http://www.wikidata.org/entity/Q65158262,paumelle,543639
http://www.wikidata.org/entity/Q117209011,wild game feeder,6992
http://www.wikidata.org/entity/Q116958121,pet heating pad,499743
http://www.wikidata.org/entity/Q116958046,dog diaper,499900
http://www.wikidata.org/entity/Q117207957,outdoor grilling plank,5672
http://www.wikidata.org/entity/Q1626970,substitut du lait,5724
http://www.wikidata.org/entity/Q116971217,lighters & matches,503774
http://www.wikidata.org/entity/Q2121955,martinet,505364
http://www.wikidata.org/entity/Q117209036,shooting & range accessory,499840
http://www.wikidata.org/entity/Q116960504,stamp block,499918
http://www.wikidata.org/entity/Q117207403,safety & crowd control barrier,499958
http://www.wikidata.org/entity/Q640719,incubateur,499997
http://www.wikidata.org/entity/Q117208528,field hockey & lacrosse glove,499745
http://www.wikidata.org/entity/Q117208573,gym mat,499803
http://www.wikidata.org/entity/Q862726,craie de billard,499994
http://www.wikidata.org/entity/Q117208585,racquetball & squash,503752
http://www.wikidata.org/entity/Q115618750,Turnips & Rutabagas,505329
http://www.wikidata.org/entity/Q76904,kérosène,543576
http://www.wikidata.org/entity/Q117208653,exercise bike accessory,499702
http://www.wikidata.org/entity/Q116961963,tablet computer docks & stand,499956
http://www.wikidata.org/entity/Q210988,quad,503031
http://www.wikidata.org/entity/Q117208051,"gardening scooters, seats & kneeler",503756
http://www.wikidata.org/entity/Q117209050,kite buggy,7376
http://www.wikidata.org/entity/Q116961811,camera circuit board,298419
http://www.wikidata.org/entity/Q117207805,ironing board replacement part,499931
http://www.wikidata.org/entity/Q116971423,popcorn & french fry scoop,502966
http://www.wikidata.org/entity/Q5517369,gait belt,503006
http://www.wikidata.org/entity/Q116960500,sewing machine replacement part,503348
http://www.wikidata.org/entity/Q117207465,locks & latch,503730
http://www.wikidata.org/entity/Q116960468,ribbons & trim,505412
http://www.wikidata.org/entity/Q117208355,construction calculator,543521
http://www.wikidata.org/entity/Q309035,déodorant,543598
http://www.wikidata.org/entity/Q117207779,muti-surface cleaner,543650
http://www.wikidata.org/entity/Q5422720,eye pillow,233420
http://www.wikidata.org/entity/Q117208458,baseball & softball pitching mat,234671
http://www.wikidata.org/entity/Q117208477,boxing & mma hand wrap,499726
http://www.wikidata.org/entity/Q117209046,roller skate part,499760
http://www.wikidata.org/entity/Q2092956,Fume-cigarette,500007
http://www.wikidata.org/entity/Q117207456,"sump, sewage & effluent pump",500102
http://www.wikidata.org/entity/Q116961280,special effects light stand,503028
http://www.wikidata.org/entity/Q116960482,papier mache mix,505401
http://www.wikidata.org/entity/Q14748,table,6392
http://www.wikidata.org/entity/Q117208510,umpire indicator,499730
http://www.wikidata.org/entity/Q117207583,security safe accessory,499865
http://www.wikidata.org/entity/Q3935701,boîte de chauve-souris,500079
http://www.wikidata.org/entity/Q156424,métronome,505365
http://www.wikidata.org/entity/Q124714,source,499933
http://www.wikidata.org/entity/Q11396303,livre imprimé,543543
http://www.wikidata.org/entity/Q117207838,trash compactor accessory,5056
http://www.wikidata.org/entity/Q1640497,Hygrostat,500043
http://www.wikidata.org/entity/Q559350,surligneur,543609
http://www.wikidata.org/entity/Q6554101,dispositif médical,230913
http://www.wikidata.org/entity/Q116970957,power inlet,499966
http://www.wikidata.org/entity/Q2885525,barre de céréales,543651
http://www.wikidata.org/entity/Q117208110,lawn mower mulch kit,499923
http://www.wikidata.org/entity/Q117207457,utility pump,500101
http://www.wikidata.org/entity/Q950375,pilon,503757
http://www.wikidata.org/entity/Q116971270,punches & awl,505315
http://www.wikidata.org/entity/Q116970962,voltage transformers & regulator,505318
http://www.wikidata.org/entity/Q116960470,sequins & glitter,505410
http://www.wikidata.org/entity/Q2933722,calculatrice scientifique,543520
http://www.wikidata.org/entity/Q117208483,boxing & martial arts training equipment,499720
http://www.wikidata.org/entity/Q116971452,vehicle battery tester,499929
http://www.wikidata.org/entity/Q960857,sonde d'avalanche,499952
http://www.wikidata.org/entity/Q116958030,cat furniture accessory,500059
http://www.wikidata.org/entity/Q116960517,craft measuring & marking tool,505392
http://www.wikidata.org/entity/Q115618168,unflavored carbonated water,543535
http://www.wikidata.org/entity/Q115617830,frozen cocktail mix,543537
http://www.wikidata.org/entity/Q7322255,ruban,543654
http://www.wikidata.org/entity/Q209121,capteur photographique,296248
http://www.wikidata.org/entity/Q2604618,équipement de pêche,499823
http://www.wikidata.org/entity/Q116961919,computer accessory set,500040
http://www.wikidata.org/entity/Q331533,dévidoir de ruban,503746
http://www.wikidata.org/entity/Q116960855,brass instrument mouthpiece,505308
http://www.wikidata.org/entity/Q117207940,food mixer & blender accessory,505765
http://www.wikidata.org/entity/Q115618816,whole egg,543557
http://www.wikidata.org/entity/Q116961888,zero client computer,543669
http://www.wikidata.org/entity/Q104526,pipe,499963
http://www.wikidata.org/entity/Q117207339,camera focus device,500104
http://www.wikidata.org/entity/Q116960281,costume special effect,500118
http://www.wikidata.org/entity/Q117207440,metal casting mold,503731
http://www.wikidata.org/entity/Q180617,bandana,543586
http://www.wikidata.org/entity/Q117208502,flip coins & disc,499732
http://www.wikidata.org/entity/Q111508886,window fitting,499772
http://www.wikidata.org/entity/Q117207630,hourglass,503000
http://www.wikidata.org/entity/Q116961126,recorder part,503750
http://www.wikidata.org/entity/Q116037070,collectible gun,499953
http://www.wikidata.org/entity/Q116961749,"speaker bags, covers & case",500112
http://www.wikidata.org/entity/Q117208581,gymnastics bars & balance beam,503763
http://www.wikidata.org/entity/Q1886911,papillonneraie,500080
http://www.wikidata.org/entity/Q2550606,Sauce aigre-douce,500089
http://www.wikidata.org/entity/Q116961890,touch table computer,502995
http://www.wikidata.org/entity/Q81683,vernis,503738
http://www.wikidata.org/entity/Q116971436,gardening sickles & machete,505292
http://www.wikidata.org/entity/Q116960563,needlecraft pattern,505373
http://www.wikidata.org/entity/Q117208187,seeds & seed tape,543562
http://www.wikidata.org/entity/Q117207434,chain connectors & link,503764
http://www.wikidata.org/entity/Q3951623,drain,504636
http://www.wikidata.org/entity/Q117207451,wall jacks & brace,505320
http://www.wikidata.org/entity/Q117209087,skate helmet,499776
http://www.wikidata.org/entity/Q7543054,small engine,499982
http://www.wikidata.org/entity/Q116961042,orchestral string instrument case,503039
http://www.wikidata.org/entity/Q116970945,conduit & housing,499768
http://www.wikidata.org/entity/Q2750929,scie égoïne,499985
http://www.wikidata.org/entity/Q117208874,bicycle child seat accessory,500067
http://www.wikidata.org/entity/Q116961045,orchestral string instrument pickup,503036
http://www.wikidata.org/entity/Q117208463,baseball & softball leg guard,499718
http://www.wikidata.org/entity/Q117208771,diving & snorkeling equipment set,499867
http://www.wikidata.org/entity/Q117207995,rice keeper,504633
http://www.wikidata.org/entity/Q116970704,cabinet & furniture keyhole escutcheon,232167
http://www.wikidata.org/entity/Q116961708,headphone cushions & tip,503004
http://www.wikidata.org/entity/Q117208176,kitchen linens set,505832
http://www.wikidata.org/entity/Q117207598,bird & wildlife house accessory,230911
http://www.wikidata.org/entity/Q116961912,wire & cable identification marker,499686
http://www.wikidata.org/entity/Q117209069,tetherball set,499883
http://www.wikidata.org/entity/Q116970675,outdoor sectional sofa unit,500111
http://www.wikidata.org/entity/Q117208703,air hockey equipment,505330
http://www.wikidata.org/entity/Q116960554,craft organization,505369
http://www.wikidata.org/entity/Q915110,coupe-papier,505830
http://www.wikidata.org/entity/Q42501,combustible,543575
http://www.wikidata.org/entity/Q7619066,Stone fruits,503760
http://www.wikidata.org/entity/Q116971172,wedge tool,505812
http://www.wikidata.org/entity/Q116970374,mice & trackball accessory,500052
http://www.wikidata.org/entity/Q117208586,racquetball & squash ball product,503753
http://www.wikidata.org/entity/Q117208144,watering globes & spike,230912
http://www.wikidata.org/entity/Q117208484,boxing & mma punch mitt,499769
http://www.wikidata.org/entity/Q117208976,golf club shaft,499780
http://www.wikidata.org/entity/Q116221634,lotion & sunscreen applicator,499926
http://www.wikidata.org/entity/Q116958120,pet heating pad accessory,500110
http://www.wikidata.org/entity/Q116961517,"hoists, cranes & trolley",503768
http://www.wikidata.org/entity/Q117207436,"lifting hooks, clamps & shackle",503770
http://www.wikidata.org/entity/Q116970812,rebar & remesh,503777
http://www.wikidata.org/entity/Q117208464,catchers equipment set,499716
http://www.wikidata.org/entity/Q117208264,carpentry & woodworking project plan,499995
http://www.wikidata.org/entity/Q116970411,tablet computer screens & screen digitizer,500013
http://www.wikidata.org/entity/Q117208266,film & television dvd,543527
http://www.wikidata.org/entity/Q117207789,scrub brush heads & refill,499767
http://www.wikidata.org/entity/Q117207972,waffle iron accessory,499996
http://www.wikidata.org/entity/Q116970745,hardware glue & adhesive,503742
http://www.wikidata.org/entity/Q116961518,jacks & lift truck,503771
http://www.wikidata.org/entity/Q258534,winch,503772
http://www.wikidata.org/entity/Q116971165,tool handle wedge,505810
http://www.wikidata.org/entity/Q117207922,coffee maker & espresso machine replacement part,503736
http://www.wikidata.org/entity/Q42302,argile,543628
http://www.wikidata.org/entity/Q116961616,work safety harness,499708
http://www.wikidata.org/entity/Q117208482,mma shin guard,499724
http://www.wikidata.org/entity/Q117208765,wetsuit piece,499814
http://www.wikidata.org/entity/Q117209024,paintball & airsoft pad,499839
http://www.wikidata.org/entity/Q117208353,calculator accessory,499864
http://www.wikidata.org/entity/Q117207405,clear kerosene,543579
http://www.wikidata.org/entity/Q117208327,mounting putty,505805
http://www.wikidata.org/entity/Q116971035,grinder accessory,499859
http://www.wikidata.org/entity/Q116961835,SIM card ejection tool,499916
http://www.wikidata.org/entity/Q117208687,weight bar collar,499794
http://www.wikidata.org/entity/Q117208204,pool liner,503751
http://www.wikidata.org/entity/Q116960407,candle making kit,505374
http://www.wikidata.org/entity/Q117209037,shooting rest,499842
http://www.wikidata.org/entity/Q116961902,dvi splitters & switch,499944
http://www.wikidata.org/entity/Q116971046,mattock & pickaxe accessory,505323
http://www.wikidata.org/entity/Q116970583,motor vehicle a/v players & in-dash system,505766
http://www.wikidata.org/entity/Q117208367,highlighter refill,543667
http://www.wikidata.org/entity/Q117207304,event ticket,499969
http://www.wikidata.org/entity/Q117208552,hockey suspenders & belt,499975
http://www.wikidata.org/entity/Q1315940,backscratcher,500060
http://www.wikidata.org/entity/Q116961121,recorder accessory,503747
http://www.wikidata.org/entity/Q116971163,cutter & scraper blade,505831
http://www.wikidata.org/entity/Q154,boisson alcoolisée,499676
http://www.wikidata.org/entity/Q117208258,ammunition reloading press,499857
http://www.wikidata.org/entity/Q116970658,office furniture set,500061
http://www.wikidata.org/entity/Q116970664,office furniture accessory,503765
http://www.wikidata.org/entity/Q5411039,swaddle,543665
http://www.wikidata.org/entity/Q117207459,"heating, ventilation & air conditioning",499873
http://www.wikidata.org/entity/Q116970751,painting consumable,503740
http://www.wikidata.org/entity/Q3289701,marche,499885
http://www.wikidata.org/entity/Q10667400,voie d’évitement,503775
http://www.wikidata.org/entity/Q25377559,granola bar,543652
http://www.wikidata.org/entity/Q117208452,american football dummies & sled,499779
http://www.wikidata.org/entity/Q116958066,aquarium temperature controller,500062
http://www.wikidata.org/entity/Q117207408,fuel containers & tank,502975
http://www.wikidata.org/entity/Q116970758,wall patching compounds & plaster,505802
http://www.wikidata.org/entity/Q117208858,inner tent,499680
http://www.wikidata.org/entity/Q2663604,rouleau lisse,499922
http://www.wikidata.org/entity/Q116970642,floor chair,500051
http://www.wikidata.org/entity/Q1753397,chambranle,503728
http://www.wikidata.org/entity/Q117207750,carpet steamer,543600
http://www.wikidata.org/entity/Q117209040,inline & roller skating product,499761
http://www.wikidata.org/entity/Q111904065,electric bicycle conversion kit,500109
http://www.wikidata.org/entity/Q116961268,party streamers & curtain,502981
http://www.wikidata.org/entity/Q117208185,plant & herb growing kit,505285
http://www.wikidata.org/entity/Q81025,plume,505411
http://www.wikidata.org/entity/Q116961761,headphones & headset,505771
http://www.wikidata.org/entity/Q116221578,false eyelash remover,502997
http://www.wikidata.org/entity/Q116221584,refillable makeup palettes & case,499822
http://www.wikidata.org/entity/Q117209092,avalanche safety airbag,499877
http://www.wikidata.org/entity/Q117207599,bird & wildlife house,500078
http://www.wikidata.org/entity/Q116960858,brass instrument straps & stand,505309
http://www.wikidata.org/entity/Q117208911,bicycle tire valve,499870
http://www.wikidata.org/entity/Q117208488,strike shield,499721
http://www.wikidata.org/entity/Q116037429,toy weapon & gadget accessory,500005
http://www.wikidata.org/entity/Q116960431,art fixative,500094
http://www.wikidata.org/entity/Q116971231,electrical testing tool,503737
http://www.wikidata.org/entity/Q117208988,hunting & shooting product,499824
http://www.wikidata.org/entity/Q117208473,basketball training aid,499751
http://www.wikidata.org/entity/Q6503658,lawn aerator,500034
http://www.wikidata.org/entity/Q117207581,safety & security mirror,500025
http://www.wikidata.org/entity/Q117208941,horse tack box,499820
http://www.wikidata.org/entity/Q117208571,exercise & gym mat storage racks & cart,499903
http://www.wikidata.org/entity/Q117207347,camera stabilizers & support,499998
http://www.wikidata.org/entity/Q116960325,bicycle helmet parts & accessory,500028
http://www.wikidata.org/entity/Q116970938,"armatures, rotors & stator",500049
http://www.wikidata.org/entity/Q115634351,laboratory freezer,500114
http://www.wikidata.org/entity/Q116960445,wreath & floral frame,504419
http://www.wikidata.org/entity/Q117207490,ear picks & spoon,500024
http://www.wikidata.org/entity/Q116961512,janitorial carts & caddie,500086
http://www.wikidata.org/entity/Q115618517,lemon and lime juice,499986
http://www.wikidata.org/entity/Q116961164,alto & baritone horn,505769
http://www.wikidata.org/entity/Q5449694,financial calculator,543519
http://www.wikidata.org/entity/Q116970845,in-wall carriers & mounting frame,499697
http://www.wikidata.org/entity/Q117208881,bicycle handlebar grips & decor,500092
http://www.wikidata.org/entity/Q117208852,portable showers & privacy enclosure,502994
http://www.wikidata.org/entity/Q501425,riser card,503755
http://www.wikidata.org/entity/Q116960509,craft & office scissors,504641
http://www.wikidata.org/entity/Q116961917,storage & data transfer cable,500035
http://www.wikidata.org/entity/Q117208245,ammunition cases & holder,505762
http://www.wikidata.org/entity/Q117208640,wallyball equipment,499861
http://www.wikidata.org/entity/Q115633930,Surgical Needles & Sutures,499935
http://www.wikidata.org/entity/Q116960452,crafting fiber,505382
http://www.wikidata.org/entity/Q116971173,welding accessory,499947
http://www.wikidata.org/entity/Q116961768,studio recording bundle,505298
http://www.wikidata.org/entity/Q117208526,field hockey & lacrosse protective gear,499744
http://www.wikidata.org/entity/Q116970800,door push plate,499970
http://www.wikidata.org/entity/Q117208308,report cover,543662
http://www.wikidata.org/entity/Q114973477,light therapy lamp,500087
http://www.wikidata.org/entity/Q2252352,masque de protection faciale,503724
http://www.wikidata.org/entity/Q116971180,gardening tool handle,505322
http://www.wikidata.org/entity/Q117207345,camera replacement screens & display,296249
http://www.wikidata.org/entity/Q117208681,sport safety lights & reflector,505302
http://www.wikidata.org/entity/Q117208307,pocket folder,543663
http://www.wikidata.org/entity/Q117208578,sports mouthguard,499801
http://www.wikidata.org/entity/Q117208113,lawn mower tire tube,499872
http://www.wikidata.org/entity/Q115607485,soju & shōchū,502976
http://www.wikidata.org/entity/Q116961426,breast pump accessory,505366
http://www.wikidata.org/entity/Q111329341,steam inhaler,505669
http://www.wikidata.org/entity/Q5243777,laboratory funnel,503722
http://www.wikidata.org/entity/Q116970756,"solvents, strippers & thinner",503741
http://www.wikidata.org/entity/Q7835546,Trap primer,505305
http://www.wikidata.org/entity/Q116221332,therapeutic swing,505352
http://www.wikidata.org/entity/Q116960488,printable fabric,505396
http://www.wikidata.org/entity/Q117208513,cricket bat grip,499738
http://www.wikidata.org/entity/Q17049620,animal furniture,500084
http://www.wikidata.org/entity/Q116960481,modeling dough,543629
http://www.wikidata.org/entity/Q116971036,grinding wheels & point,499860
http://www.wikidata.org/entity/Q116970726,building consumable product,503739
http://www.wikidata.org/entity/Q116970731,building consumable,503739
http://www.wikidata.org/entity/Q116961436,receiving blanket,543664
http://www.wikidata.org/entity/Q117208507,referee wallet,499727
http://www.wikidata.org/entity/Q108800304,balle de pickleball,499847
http://www.wikidata.org/entity/Q116960248,hair claws & clip,543645
http://www.wikidata.org/entity/Q117209300,vehicle hitch lock,235921
http://www.wikidata.org/entity/Q109017982,centrale vapeur,465846
http://www.wikidata.org/entity/Q116970941,carbon brush,499893
http://www.wikidata.org/entity/Q117207670,seasonal village sets & accessory,505809
http://www.wikidata.org/entity/Q116961570,cash registers & pos terminal,505824
http://www.wikidata.org/entity/Q117208529,field hockey & lacrosse helmet,499746
http://www.wikidata.org/entity/Q117209148,water parks & slide,500095
http://www.wikidata.org/entity/Q116971053,measuring scale accessory,503007
http://www.wikidata.org/entity/Q116221260,transfer boards & sheet,502969
http://www.wikidata.org/entity/Q116970461,power adapters & charger,505295
http://www.wikidata.org/entity/Q117208943,saddle bags & pannier,326122
http://www.wikidata.org/entity/Q117208583,gymnastics grip,499781
http://www.wikidata.org/entity/Q116960860,music lyres & flip folder,500001
http://www.wikidata.org/entity/Q4227992,collectible coin,543606
http://www.wikidata.org/entity/Q34679,sable,543677
http://www.wikidata.org/entity/Q116037421,fingerboards & fingerboard set,500113
http://www.wikidata.org/entity/Q116961476,mixed herd feed,543548
http://www.wikidata.org/entity/Q116970741,lighter fluid,500088
http://www.wikidata.org/entity/Q117208449,american football rib protection shirts & vest,499778
http://www.wikidata.org/entity/Q115634036,Medical Stretchers & Gurneys,499858
http://www.wikidata.org/entity/Q117207817,iron rest,499937
http://www.wikidata.org/entity/Q117208049,garden pot saucers & tray,500033
http://www.wikidata.org/entity/Q116970381,musical instrument game controller,543593
http://www.wikidata.org/entity/Q117208957,fishing rod holders & storage rack,499942
http://www.wikidata.org/entity/Q117208709,billiard cue case,499993
http://www.wikidata.org/entity/Q117208764,water sport helmet,499687
http://www.wikidata.org/entity/Q117207311,homebrewing & winemaking kit,499891
http://www.wikidata.org/entity/Q116970651,bathroom furniture set,500000
http://www.wikidata.org/entity/Q117208313,padfolio,543641
http://www.wikidata.org/entity/Q1370565,écharpe,499972
http://www.wikidata.org/entity/Q116970692,sectional sofa unit,500064
http://www.wikidata.org/entity/Q2830312,sabot de denver,500077
http://www.wikidata.org/entity/Q117207454,"pool, fountain & pond pump",500098
http://www.wikidata.org/entity/Q117208257,reloading supplies & equipment,503026
http://www.wikidata.org/entity/Q116961123,recorder care & cleaning,503749
http://www.wikidata.org/entity/Q117208649,balance trainer,499796
http://www.wikidata.org/entity/Q117208147,floating & submersible light,500003
http://www.wikidata.org/entity/Q4138573,Ab wheel,499797
http://www.wikidata.org/entity/Q6473564,téléchargement de musique,543526
http://www.wikidata.org/entity/Q117208547,hockey elbow pad,499756
http://www.wikidata.org/entity/Q117207476,medicated lip treatment,543574
http://www.wikidata.org/entity/Q116960429,"craft paint, ink & glaze",505378
http://www.wikidata.org/entity/Q116970807,handrails & railing system,499949
http://www.wikidata.org/entity/Q116958088,pet carrier & crate accessory,500026
http://www.wikidata.org/entity/Q1607557,Tige filetée,500055
http://www.wikidata.org/entity/Q116960483,plaster gauze,505804
http://www.wikidata.org/entity/Q117208530,field hockey & lacrosse masks & goggle,499747
http://www.wikidata.org/entity/Q116960096,"dance dresses, skirts & costume",499979
http://www.wikidata.org/entity/Q116971264,paint strainer,505325
http://www.wikidata.org/entity/Q117207522,orthodontic appliance case,505367
http://www.wikidata.org/entity/Q116037046,collectible banknote,543607
http://www.wikidata.org/entity/Q117208996,broadheads & field point,499830
http://www.wikidata.org/entity/Q116960508,craft cutting & embossing tool,504640
http://www.wikidata.org/entity/Q1440281,capsule,499990
http://www.wikidata.org/entity/Q116961816,exercise machine circuit board,499889
http://www.wikidata.org/entity/Q117208932,horse wormer,499819
http://www.wikidata.org/entity/Q116961519,personnel lift,503767
http://www.wikidata.org/entity/Q116960507,color mixing tool,505391
http://www.wikidata.org/entity/Q117208596,rugby protective gear,499782
http://www.wikidata.org/entity/Q104213296,kit d'analyse médicale,505293
http://www.wikidata.org/entity/Q116971047,mattock & pickaxe handle,505324
http://www.wikidata.org/entity/Q115633991,ostomy supply,505828
http://www.wikidata.org/entity/Q116961832,mobile phone pre-paid card,543515
http://www.wikidata.org/entity/Q117207759,floor protection films & runner,499674
http://www.wikidata.org/entity/Q117208478,boxing & martial arts arm guard,499725
http://www.wikidata.org/entity/Q117207393,studio stand & mount accessory,503017
http://www.wikidata.org/entity/Q117208755,paddle leash,499964
http://www.wikidata.org/entity/Q116960246,"hair pins, claws & clip",502988
http://www.wikidata.org/entity/Q1431305,vaporisateur,543634
http://www.wikidata.org/entity/Q116970747,masonry consumable,503743
http://www.wikidata.org/entity/Q116961036,guitar strap,499688
http://www.wikidata.org/entity/Q116961269,party supply kit,502972
http://www.wikidata.org/entity/Q116960463,embellishments & trim,505379
http://www.wikidata.org/entity/Q117208682,suspension trainer,499798
http://www.wikidata.org/entity/Q117207469,jewelry steam cleaner,500083
http://www.wikidata.org/entity/Q117207726,washer & dryer accessory,500085
http://www.wikidata.org/entity/Q117208194,pool & spa maintenance kit,505815
http://www.wikidata.org/entity/Q116970452,video game console & controller battery,500117
http://www.wikidata.org/entity/Q117207441,moving & soundproofing blankets & cover,500030
http://www.wikidata.org/entity/Q117208433,athletics product,499713
http://www.wikidata.org/entity/Q117208991,archery gloves & release,499833
http://www.wikidata.org/entity/Q6432723,papier cartonné,543510
http://www.wikidata.org/entity/Q116970439,mp3 player battery,499810
http://www.wikidata.org/entity/Q116221827,nail polish drying drops & spray,233419
http://www.wikidata.org/entity/Q116971056,mixing tool paddle,499886
http://www.wikidata.org/entity/Q117208567,athletic cup,499800
http://www.wikidata.org/entity/Q117208909,bicycle tire valve adapter,499871
http://www.wikidata.org/entity/Q115619098,fruit mix,499906
http://www.wikidata.org/entity/Q116960487,needlecraft canva,505398
http://www.wikidata.org/entity/Q117208225,luggage racks & stand,499691
http://www.wikidata.org/entity/Q116958189,pet training aid,505314
http://www.wikidata.org/entity/Q116960412,jewelry making kit,502979
http://www.wikidata.org/entity/Q117208354,basic calculator,543518
http://www.wikidata.org/entity/Q787354,casque de soudure,499927
http://www.wikidata.org/entity/Q128093,livre numérique,543542
http://www.wikidata.org/entity/Q117208281,office supply manual,499866
http://www.wikidata.org/entity/Q117207912,food & beverage label,499924
http://www.wikidata.org/entity/Q131189,propane,543577
http://www.wikidata.org/entity/Q117208674,inversion tables & system,355576
http://www.wikidata.org/entity/Q117208851,portable toilets & shower,502993
http://www.wikidata.org/entity/Q117207746,floor & carpet dryer,235920
http://www.wikidata.org/entity/Q117209068,tetherball pole,499882
http://www.wikidata.org/entity/Q115619228,prepared appetizers and side dishes,499989
http://www.wikidata.org/entity/Q116970665,desk parts & accessory,503766
http://www.wikidata.org/entity/Q116960484,pottery slip,505402
http://www.wikidata.org/entity/Q116961231,advice card,328061
http://www.wikidata.org/entity/Q15303351,matériel d'art,505372
http://www.wikidata.org/entity/Q116960535,needles & hook,505393
http://www.wikidata.org/entity/Q116960555,"needle, pin & hook organizer",505394
http://www.wikidata.org/entity/Q117208183,landscaping & garden plant,543560
http://www.wikidata.org/entity/Q117208638,volleyball training aid,499787
http://www.wikidata.org/entity/Q117208531,field hockey & lacrosse pad,502970
http://www.wikidata.org/entity/Q117209102,ski binding part,505296
http://www.wikidata.org/entity/Q235041,caisse enregistreuse,543647
http://www.wikidata.org/entity/Q116970854,plumbing fixture hardware & part,504635
http://www.wikidata.org/entity/Q117207517,massage cushion,543595
http://www.wikidata.org/entity/Q117208514,cricket equipment set,499735
http://www.wikidata.org/entity/Q116970880,shower arms & connector,504638
http://www.wikidata.org/entity/Q116037390,toy tableware,543623
http://www.wikidata.org/entity/Q116220701,fertility tests & monitors,543679
http://www.wikidata.org/entity/Q117208929,"horse grooming combs, brushes & mitt",499818
http://www.wikidata.org/entity/Q180204,shampooing,543615
http://www.wikidata.org/entity/Q4819859,Audio converter,503001
http://www.wikidata.org/entity/Q117208898,bicycle cable,499685
http://www.wikidata.org/entity/Q2881341,Ballon de handball,499785
http://www.wikidata.org/entity/Q116220923,conductivity gels & lotion,505820
http://www.wikidata.org/entity/Q116961633,camera & optics manual,499821
http://www.wikidata.org/entity/Q116221441,adult hygienic wipe,499913
http://www.wikidata.org/entity/Q117207388,studio light & flash accessory,503018
http://www.wikidata.org/entity/Q117208944,saddle covers & case,499959
http://www.wikidata.org/entity/Q5339237,courge,505354
http://www.wikidata.org/entity/Q117208210,sauna buckets & ladle,543633
http://www.wikidata.org/entity/Q1719631,electrical conduit,499770
http://www.wikidata.org/entity/Q117207438,utility buckle,502992
http://www.wikidata.org/entity/Q2574750,agrume,503759
http://www.wikidata.org/entity/Q116970373,keyboard keys & cap,503003
http://www.wikidata.org/entity/Q117208517,cricket stump,499734
http://www.wikidata.org/entity/Q116961387,changing mat & tray cover,502999
http://www.wikidata.org/entity/Q117208525,field hockey & lacrosse product,499741
http://www.wikidata.org/entity/Q2911268,Boroscope,499976
http://www.wikidata.org/entity/Q11680736,bonbonne d'oxygène,499692
http://www.wikidata.org/entity/Q116221592,nail drill accessory,499698
http://www.wikidata.org/entity/Q116961700,audio & video receiver accessory,503008
http://www.wikidata.org/entity/Q170210,absinthe,505761
http://www.wikidata.org/entity/Q117208807,kiteboard & wakeboard binding,505317
http://www.wikidata.org/entity/Q117208390,bulletin board trim set,543688
http://www.wikidata.org/entity/Q117207455,"sprinkler, booster & irrigation system pump",500097
http://www.wikidata.org/entity/Q117208761,boating & water sport apparel,499813
http://www.wikidata.org/entity/Q116961366,play gym,543613
http://www.wikidata.org/entity/Q116961614,safety knee pad,499961
http://www.wikidata.org/entity/Q117208268,film & television vhs tape,543528
http://www.wikidata.org/entity/Q322483,dé à coudre,543638
http://www.wikidata.org/entity/Q115633943,Medical Needles & Syringes,499696
http://www.wikidata.org/entity/Q36133,sol,543678
http://www.wikidata.org/entity/Q117208998,bow & crossbow accessory,499826
http://www.wikidata.org/entity/Q116958118,pet wipe,499917
http://www.wikidata.org/entity/Q117207395,photo mounting supply,503735
http://www.wikidata.org/entity/Q1780962,groupset,499868
http://www.wikidata.org/entity/Q116960434,ceramic & pottery glaze,499879
http://www.wikidata.org/entity/Q117208663,stair stepper,543611
http://www.wikidata.org/entity/Q117207433,"hooks, buckles & fastener",503773
http://www.wikidata.org/entity/Q116960440,craft shapes & base,505381
http://www.wikidata.org/entity/Q117207342,camera lens zoom unit,461568
http://www.wikidata.org/entity/Q116037347,astronomy toys & model,499938
http://www.wikidata.org/entity/Q117208938,horse lead,499709
http://www.wikidata.org/entity/Q230110,carte SIM,543516
http://www.wikidata.org/entity/Q117207625,home fragrance accessory,500121
http://www.wikidata.org/entity/Q116961125,recorder case,503748
http://www.wikidata.org/entity/Q117207309,bottling bottle,502980
http://www.wikidata.org/entity/Q116961813,computer inverter board,499899
http://www.wikidata.org/entity/Q117208648,aerobic step,237166
http://www.wikidata.org/entity/Q117209090,activités et sports d'hiver,499844
http://www.wikidata.org/entity/Q117209025,paintball & airsoft vest,499837
http://www.wikidata.org/entity/Q116960460,floral wire,505418
http://www.wikidata.org/entity/Q1779530,correcteur liquide,543618
http://www.wikidata.org/entity/Q1144145,Brass Mute,505768
http://www.wikidata.org/entity/Q116970534,"printer, copier & fax machine replacement part",502991
http://www.wikidata.org/entity/Q116961287,plaque de distinction,543657
http://www.wikidata.org/entity/Q255477,pince à moucher,500122
http://www.wikidata.org/entity/Q117208275,spoken word & field recording,543525
http://www.wikidata.org/entity/Q115619205,prepared meals and entrées,499988
http://www.wikidata.org/entity/Q117207734,water heater expansion tank,500063
http://www.wikidata.org/entity/Q117208656,stair climber & stepper accessory,499700
http://www.wikidata.org/entity/Q117208130,tractor tire,499880
http://www.wikidata.org/entity/Q117209041,inline & roller skating protective gear,499771
http://www.wikidata.org/entity/Q116971325,jewelry cleaning tool,500082
http://www.wikidata.org/entity/Q117208606,soccer protective gear,499784
http://www.wikidata.org/entity/Q117207369,tripod handle,503726
http://www.wikidata.org/entity/Q116958018,bird cage bird bath,499954
http://www.wikidata.org/entity/Q116961836,contract mobile phone,543513
http://www.wikidata.org/entity/Q117208368,marker refill,543666
http://www.wikidata.org/entity/Q605108,terminal de paiement électronique,543648
http://www.wikidata.org/entity/Q116970382,gesture control input device,499950
http://www.wikidata.org/entity/Q1566584,épingle à cheveux,543644
http://www.wikidata.org/entity/Q115633977,medical syringe,543671
http://www.wikidata.org/entity/Q117209023,paintball & airsoft goggles & mask,499838
http://www.wikidata.org/entity/Q116971179,gardening tool accessory,505326
http://www.wikidata.org/entity/Q1428472,masque anti-mouches,499817
http://www.wikidata.org/entity/Q117208999,bows & crossbow,499825
http://www.wikidata.org/entity/Q3046717,eau plate,543533
http://www.wikidata.org/entity/Q116960302,climbing glove,499816
http://www.wikidata.org/entity/Q116961501,hairdressing capes & neck cover,505670
http://www.wikidata.org/entity/Q25207162,Livestock feeder,505821
http://www.wikidata.org/entity/Q116961368,play mat,543612
http://www.wikidata.org/entity/Q117207435,gear tie,502978
http://www.wikidata.org/entity/Q116961417,baby bottle liner,543637
http://www.wikidata.org/entity/Q116970402,hard drive enclosures & mount,505767
http://www.wikidata.org/entity/Q117209099,ski & snowboard leash,499681
http://www.wikidata.org/entity/Q116970496,3d printer accessory,499682
http://www.wikidata.org/entity/Q117207416,caster,499981
http://www.wikidata.org/entity/Q116960442,craft wood & shape,505404
http://www.wikidata.org/entity/Q117208512,cricket bat accessory,499737
http://www.wikidata.org/entity/Q117208636,volleyball protective gear,499788
http://www.wikidata.org/entity/Q117208645,wrestling knee pad,499790
http://www.wikidata.org/entity/Q8038091,Wrestling headgear,499791
http://www.wikidata.org/entity/Q117208650,cardio product,499792
http://www.wikidata.org/entity/Q8353,trombone,543675
http://www.wikidata.org/entity/Q117207777,glass cleaner,543649
http://www.wikidata.org/entity/Q116960538,textile craft machine,505388
http://www.wikidata.org/entity/Q116970856,bathtub bases & foot,505368
http://www.wikidata.org/entity/Q117208565,general purpose athletic equipment,499799
http://www.wikidata.org/entity/Q117207666,holiday ornament hook,499804
http://www.wikidata.org/entity/Q117207590,decorative tapestry,500045
http://www.wikidata.org/entity/Q117207845,waste container labels & sign,500115
http://www.wikidata.org/entity/Q116960476,filling pellet,505406
http://www.wikidata.org/entity/Q116960474,batting & stuffing,505407
http://www.wikidata.org/entity/Q116960465,bows & yo-yo,505413
http://www.wikidata.org/entity/Q116960430,art & craft paint,505417
http://www.wikidata.org/entity/Q1353185,power loom,505421
http://www.wikidata.org/entity/Q47481343,métier à bras,505422
http://www.wikidata.org/entity/Q117207955,outdoor grill replacement part,505667
http://www.wikidata.org/entity/Q116037427,racquet sport toy,505284
http://www.wikidata.org/entity/Q116221135,urinary tract infection test,505294
http://www.wikidata.org/entity/Q116971181,gardening tool head,505321
http://www.wikidata.org/entity/Q116960477,pillow form,505405
http://www.wikidata.org/entity/Q2239762,agrafe,505408
http://www.wikidata.org/entity/Q116960530,wood burning tool,505420
http://www.wikidata.org/entity/Q117207992,food mixers & blender,505666
http://www.wikidata.org/entity/Q116961705,headphone & headset accessory,505797
http://www.wikidata.org/entity/Q117207851,beverage tubs & chiller,505806
http://www.wikidata.org/entity/Q116961568,credit card terminal,505808
http://www.wikidata.org/entity/Q116971367,food & drink stencil,505316
http://www.wikidata.org/entity/Q116960458,crafting wire,505377
http://www.wikidata.org/entity/Q116961166,trumpets & cornet,505770
http://www.wikidata.org/entity/Q116971447,ski & snowboard tuning tool,505772
http://www.wikidata.org/entity/Q117208657,treadmill accessory,499699
http://www.wikidata.org/entity/Q117209042,roller skating pad,499775
http://www.wikidata.org/entity/Q116970822,weather stripping & weatherization supply,505300
http://www.wikidata.org/entity/Q116958191,pet training pad holder,505304
http://www.wikidata.org/entity/Q116961566,cash register & pos terminal accessory,505825
http://www.wikidata.org/entity/Q191022,écharpe,543673
http://www.wikidata.org/entity/Q116958200,pet waste bag dispensers & holder,502982
http://www.wikidata.org/entity/Q117207397,fence & gate accessory,502983
http://www.wikidata.org/entity/Q117207964,soda maker accessory,502989
http://www.wikidata.org/entity/Q116961521,pallets & loading platform,503011
http://www.wikidata.org/entity/Q116961029,guitar fittings & part,503032
http://www.wikidata.org/entity/Q117208175,quilts & comforter,505287
http://www.wikidata.org/entity/Q117207705,smoke & carbon monoxide detector,499673
http://www.wikidata.org/entity/Q117208808,wakeboard part,505291
http://www.wikidata.org/entity/Q117207452,hardware pump,500096
http://www.wikidata.org/entity/Q116037428,toy gift basket,499712
http://www.wikidata.org/entity/Q117208498,captains armband,499729
http://www.wikidata.org/entity/Q115618429,marinades & grilling sauce,500074
http://www.wikidata.org/entity/Q116960432,art ink,505416
http://www.wikidata.org/entity/Q1505189,auvent,499907
http://www.wikidata.org/entity/Q117208669,exercise machine & equipment set,499978
http://www.wikidata.org/entity/Q116961581,retail display props & model,499897
http://www.wikidata.org/entity/Q117208523,fencing jackets & lamé,499740
http://www.wikidata.org/entity/Q117207487,anti-perspirant,543599
http://www.wikidata.org/entity/Q117208652,elliptical trainer accessory,499703
http://www.wikidata.org/entity/Q116960510,craft cutters & embosser,504642
http://www.wikidata.org/entity/Q117208936,horse halter,499710
http://www.wikidata.org/entity/Q116961837,pre-paid mobile phone,543512
http://www.wikidata.org/entity/Q52160184,Peaches and nectarines,505301
http://www.wikidata.org/entity/Q1165352,Shōchū,543642
http://www.wikidata.org/entity/Q116960446,crafting adhesives & magnet,505376
http://www.wikidata.org/entity/Q117207557,eyewear replacement part,543538
http://www.wikidata.org/entity/Q117208995,arrow nock,499832
http://www.wikidata.org/entity/Q117208062,awning accessory,499908
http://www.wikidata.org/entity/Q378705,Astringence,543659
http://www.wikidata.org/entity/Q116960559,crafting patterns & mold,505371
http://www.wikidata.org/entity/Q116037387,play food,543624
http://www.wikidata.org/entity/Q116960301,climbing apparel & accessory,499815
http://www.wikidata.org/entity/Q117209093,équipement de ski et de snowboard,499845
http://www.wikidata.org/entity/Q117209066,platform tennis ball,499849
http://www.wikidata.org/entity/Q117209065,platform & paddle tennis paddle,499850
http://www.wikidata.org/entity/Q117208256,gun sling,499853
http://www.wikidata.org/entity/Q117208910,bicycle tire valve cap,499869
http://www.wikidata.org/entity/Q116961480,livestock halter,499946
http://www.wikidata.org/entity/Q117208083,outdoor umbrella enclosure kit,499948
http://www.wikidata.org/entity/Q117208111,lawn mower mulch plugs & plate,499960
http://www.wikidata.org/entity/Q117208059,pot & planter liner,499962
http://www.wikidata.org/entity/Q116037426,playground ball,499965
http://www.wikidata.org/entity/Q117207664,easter egg decorating kit,499805
http://www.wikidata.org/entity/Q117208250,gun cleaning solvent,499854
http://www.wikidata.org/entity/Q117208131,tractor wheel,499881
http://www.wikidata.org/entity/Q114554391,paint shaker,499888
http://www.wikidata.org/entity/Q117207763,broom head,499892
http://www.wikidata.org/entity/Q117207453,home appliance pump,500099
http://www.wikidata.org/entity/Q117208248,gun cleaning cloths & swab,499855
http://www.wikidata.org/entity/Q117208551,hockey shoulder pads & chest protector,499757
http://www.wikidata.org/entity/Q117208916,bicycle rim strip,499875
http://www.wikidata.org/entity/Q117208994,arrow fletching product,499831
http://www.wikidata.org/entity/Q362409,grain,499876
http://www.wikidata.org/entity/Q115618753,Vegetable Mix,499905
http://www.wikidata.org/entity/Q117207467,jewelry cleaning solutions & polish,499919
http://www.wikidata.org/entity/Q117208116,lawn striping kit,499921
http://www.wikidata.org/entity/Q116970458,general purpose battery tester,499928
http://www.wikidata.org/entity/Q117207835,ironing board hooks & rack,499930
http://www.wikidata.org/entity/Q116970948,specialty electrical switches & relay,499932
http://www.wikidata.org/entity/Q116961906,vga splitters & switch,499945
http://www.wikidata.org/entity/Q116971328,hair styling tool set,499992
http://www.wikidata.org/entity/Q117209070,tetherball ball,499884
http://www.wikidata.org/entity/Q116971207,handheld power mixer,499887
http://www.wikidata.org/entity/Q116961812,computer circuit board,499898
http://www.wikidata.org/entity/Q117209064,platform & paddle tenni,499904
http://www.wikidata.org/entity/Q7236651,power tower,499912
http://www.wikidata.org/entity/Q117208654,rowing machine accessory,499701
http://www.wikidata.org/entity/Q116960423,craft fasteners & closure,505380
http://www.wikidata.org/entity/Q116960492,art & crafting tool accessory,504643
http://www.wikidata.org/entity/Q34467,disque compact,543522
http://www.wikidata.org/entity/Q264554,eau gazeuse,543531
http://www.wikidata.org/entity/Q115617949,flavored carbonated water,543534
http://www.wikidata.org/entity/Q106833,livre audio,543541
http://www.wikidata.org/entity/Q7235610,poultry feed,543544
http://www.wikidata.org/entity/Q116961475,goat & sheep feed,543547
http://www.wikidata.org/entity/Q796758,blanc d'œuf,543554
http://www.wikidata.org/entity/Q117207407,dyed kerosene,543578
http://www.wikidata.org/entity/Q116960226,hair care wrap,543587
http://www.wikidata.org/entity/Q273140,manette de jeu,543589
http://www.wikidata.org/entity/Q116970378,game racing wheel,543591
http://www.wikidata.org/entity/Q6586708,Steam mop,543603
http://www.wikidata.org/entity/Q493615,stylo-feutre,543608
http://www.wikidata.org/entity/Q117207512,shampoo & conditioner set,543617
http://www.wikidata.org/entity/Q186819,casque audio,543626
http://www.wikidata.org/entity/Q117208212,sauna kit,543631
http://www.wikidata.org/entity/Q189511,cigarette électronique,543635
http://www.wikidata.org/entity/Q116961418,baby bottle nipple,543636
http://www.wikidata.org/entity/Q117208314,portfolio,543640
http://www.wikidata.org/entity/Q116958190,pet training clickers & treat dispenser,505313
http://www.wikidata.org/entity/Q116961842,unlocked mobile phone,543514
http://www.wikidata.org/entity/Q114839245,correction pen,543620
http://www.wikidata.org/entity/Q116037389,toy kitchen,543622
http://www.wikidata.org/entity/Q116961285,award certificate,543656
http://www.wikidata.org/entity/Q852508,toner,543658
http://www.wikidata.org/entity/Q2322789,test d’ovulation,543680
http://www.wikidata.org/entity/Q116958048,prescription dog food,543681
http://www.wikidata.org/entity/Q116958047,non-prescription dog food,543682
http://www.wikidata.org/entity/Q235783,lampe de poche,543689
http://www.wikidata.org/entity/Q116037388,toy cookware,543690
http://www.wikidata.org/entity/Q117207404,home heating oil,543703
http://www.wikidata.org/entity/Q117208182,bushes & shrub,543559
http://www.wikidata.org/entity/Q116960485,raw candle wax,505375
http://www.wikidata.org/entity/Q116961286,award pins & medal,543655
http://www.wikidata.org/entity/Q15913735,tapioca ball,499707
http://www.wikidata.org/entity/Q117209017,paintball & airsoft product,499834
http://www.wikidata.org/entity/Q117209021,paintball & airsoft protective gear,499835
http://www.wikidata.org/entity/Q116970610,beds & bed frame,505764
http://www.wikidata.org/entity/Q117208667,exercise bench,499795
http://www.wikidata.org/entity/Q116960444,papier mache shape,505403
http://www.wikidata.org/entity/Q1518347,baume à lèvres,543573
http://www.wikidata.org/entity/Q116960449,decorative tape,505419
http://www.wikidata.org/entity/Q117207321,camera & optic replacement cable,463625
http://www.wikidata.org/entity/Q117208543,figure skating & hockey,499915
http://www.wikidata.org/entity/Q117208173,bed canopy,505803
http://www.wikidata.org/entity/Q117208632,track starting block,499786
http://www.wikidata.org/entity/Q908237,portemine,543660
http://www.wikidata.org/entity/Q117208380,wooden pencil,543661
http://www.wikidata.org/entity/Q1435328,Pince-notes,543676
http://www.wikidata.org/entity/Q116958027,non-prescription cat food,543684
http://www.wikidata.org/entity/Q117208209,sauna accessory,543687
http://www.wikidata.org/entity/Q117208506,referee stands & chair,499733
http://www.wikidata.org/entity/Q116970889,bidet faucets & sprayer,504634
http://www.wikidata.org/entity/Q116970859,drain component,504637
http://www.wikidata.org/entity/Q381165,trophée,543653
http://www.wikidata.org/entity/Q115923203,arts and craft tool,504639
http://www.wikidata.org/entity/Q117208897,bicycle cable housing,499684
http://www.wikidata.org/entity/Q3354532,châle,543674
http://www.wikidata.org/entity/Q116960437,craft dye,505415
http://www.wikidata.org/entity/Q116961043,orchestral string instrument fittings & part,503038
http://www.wikidata.org/entity/Q116961041,orchestral string instrument bow,503040
http://www.wikidata.org/entity/Q117207748,carpet shampooer,543601
http://www.wikidata.org/entity/Q116960516,craft decoration maker,505386
http://www.wikidata.org/entity/Q110930060,electric massager,543596
http://www.wikidata.org/entity/Q117208516,cricket leg guard,499739
http://www.wikidata.org/entity/Q116958060,aquarium fish net,505306
http://www.wikidata.org/entity/Q117207933,cooking gel fuel,503725
http://www.wikidata.org/entity/Q116970966,wire terminals & connector,503729
http://www.wikidata.org/entity/Q117208662,stair climber,543610
http://www.wikidata.org/entity/Q117207340,camera gear,461567
http://www.wikidata.org/entity/Q116960419,scrapbooking paper,543511
http://www.wikidata.org/entity/Q117208184,potted houseplant,543558
http://www.wikidata.org/entity/Q1541580,calculatrice graphique,543517
http://www.wikidata.org/entity/Q117207556,eyewear lens cleaning solution,352853
http://www.wikidata.org/entity/Q116220921,fertility monitors and ovulation test,505822
http://www.wikidata.org/entity/Q117208273,music cassette tape,543524
http://www.wikidata.org/entity/Q117208186,plant & flower bulb,543561
http://www.wikidata.org/entity/Q117208171,oil lamp fuel,505312
http://www.wikidata.org/entity/Q15461768,door frame,503727
http://www.wikidata.org/entity/Q116958202,pet waste disposal systems & tool,505297
http://www.wikidata.org/entity/Q8563871,floor scrubbers,543602
http://www.wikidata.org/entity/Q116970740,electrical freeze spray,505319
http://www.wikidata.org/entity/Q117209084,skateboard small part,505817
http://www.wikidata.org/entity/Q117208211,sauna heater,543632
http://www.wikidata.org/entity/Q1193170,micro-casque,543627
http://www.wikidata.org/entity/Q115617837,shelf cocktail mix,543536
http://www.wikidata.org/entity/Q115618813,prepared egg,543556
http://www.wikidata.org/entity/Q116220884,activity monitor accessory,505819
http://www.wikidata.org/entity/Q116221875,skin care product,skin care
http://www.wikidata.org/entity/Q117208143,watering can accesssory,505814
http://www.wikidata.org/entity/Q116960486,crafting canva,505397
http://www.wikidata.org/entity/Q1863081,ruban correcteur,543619
http://www.wikidata.org/entity/Q116961044,orchestral string instrument mute,503037
http://www.wikidata.org/entity/Q116958056,aquarium air stones & diffuser,505307
http://www.wikidata.org/entity/Q116958195,pet training sprays & solution,505311
http://www.wikidata.org/entity/Q116960558,thread & yarn organizer,505395
http://www.wikidata.org/entity/Q116960418,cardstock & scrapbooking paper,505399
http://www.wikidata.org/entity/Q116961477,pig feed,543546
http://www.wikidata.org/entity/Q117208247,gun cleaning,503021
http://www.wikidata.org/entity/Q117208267,film & television digital download,543529
http://www.wikidata.org/entity/Q2426305,tampon encreur,505414
http://www.wikidata.org/entity/Q860256,baguette de chef d'orchestre,505288
http://www.wikidata.org/entity/Q178805,joystick,543588
http://www.wikidata.org/entity/Q5054109,cattle feeding,543545
